1607751901.000000, 1607751901.000000, 1607751901.000000
32.000000, 32.000000, 32.000000
-64,3,7
-66,2,7
-63,1,11
-65,1,9
-64,3,7
-64,3,7
-65,3,7
-65,2,8
-65,2,9
-66,2,8
-64,2,9
-66,2,8
-66,2,7
-64,2,8
-65,2,8
-66,2,8
-65,2,7
-67,2,8
-66,1,7
-65,3,6
-64,3,5
-64,2,9
-64,1,11
-65,1,10
-66,2,8
-65,2,7
-65,2,8
-65,2,9
-65,2,8
-65,2,9
-64,2,9
-65,2,9
-65,2,9
-65,2,9
-65,2,9
-65,2,9
-65,2,9
-65,2,9
-65,2,9
-65,2,9
-65,2,9
-65,2,9
-65,2,10
-64,2,10
-65,2,9
-65,2,10
-64,2,10
-65,2,10
-65,2,10
-65,2,9
-65,2,9
-66,2,9
-65,2,9
-66,2,9
-65,2,9
-65,2,9
-65,2,9
-65,2,9
-65,2,9
-65,2,9
-65,2,9
-65,2,9
-65,2,9
-65,2,9
-65,2,9
-65,2,9
-65,3,9
-65,2,8
-66,2,9
-65,2,10
-64,2,9
-65,2,9
-65,2,9
-65,3,9
-64,2,9
-65,3,9
-65,3,9
-66,2,9
-66,2,10
-65,2,9
-67,3,8
-67,3,7
-65,3,7
-65,3,8
-63,4,10
-66,4,9
-65,5,8
-65,6,7
-64,7,6
-68,10,3
-61,6,7
-65,6,0
-58,10,3
-65,9,2
-64,10,4
-63,10,4
-63,11,3
-62,11,4
-64,12,3
-64,12,4
-65,12,3
-62,8,6
-60,10,5
-60,11,1
-61,12,0
-69,10,4
-73,8,7
-72,4,14
-73,3,15
-66,-2,22
-61,-1,24
-56,2,22
-57,3,22
-60,5,24
-59,6,25
-58,7,27
-58,6,28
-59,5,29
-59,4,29
-59,3,29
-59,3,29
-59,4,29
-59,5,30
-57,5,30
-57,5,30
-57,5,31
-57,6,31
-58,5,31
-57,5,31
-57,5,31
-57,5,32
-57,5,32
-58,5,32
-57,4,33
-56,4,34
-56,3,34
-55,3,35
-55,3,36
-54,4,36
-54,4,36
-56,4,34
-56,4,34
-55,4,34
-55,6,35
-56,6,35
-56,5,34
-56,4,35
-55,3,36
-54,3,36
-54,3,37
-55,3,36
-55,3,35
-54,3,36
-54,4,36
-53,5,36
-54,5,36
-55,5,36
-55,5,35
-55,5,35
-55,5,36
-54,6,36
-54,5,36
-55,5,36
-54,5,36
-54,5,36
-54,5,36
-54,5,36
-54,5,36
-54,5,36
-54,5,36
-54,5,37
-54,5,36
-55,5,36
-55,5,36
-55,4,36
-54,4,36
-54,5,36
-54,5,36
-55,5,36
-55,5,36
-54,5,37
-54,5,36
-54,5,36
-53,5,36
-54,5,37
-55,4,37
-54,5,36
-54,5,36
-54,5,36
-54,5,36
-54,5,36
-54,5,36
-54,5,36
-54,5,36
-54,5,36
-54,5,36
-54,5,37
-54,5,36
-54,5,36
-54,5,36
-54,5,36
-54,5,36
-54,5,36
-54,5,36
-54,5,36
-54,5,37
-54,5,36
-54,5,36
-54,5,37
-54,5,37
-54,5,36
-54,5,36
-54,5,36
-54,5,36
-54,5,36
-54,5,36
-54,5,36
-54,5,37
-54,5,36
-54,5,36
-54,5,36
-54,5,36
-54,5,36
-54,5,36
-54,5,36
-54,5,36
-54,5,36
-54,5,37
-54,5,36
-54,5,36
-55,5,36
-54,5,36
-54,5,36
-54,5,36
-53,5,36
-54,5,36
-54,6,36
-54,5,37
-55,4,37
-56,3,37
-55,3,36
-51,4,38
-52,5,38
-53,5,38
-54,4,37
-54,4,37
-54,4,36
-55,5,36
-55,6,36
-53,7,36
-53,8,36
-54,7,35
-55,6,35
-55,5,36
-55,4,36
-55,4,36
-55,5,35
-54,5,36
-53,5,37
-53,5,37
-53,5,38
-53,5,38
-53,5,37
-53,5,37
-53,5,37
-53,5,37
-54,5,37
-54,5,36
-54,5,36
-54,5,36
-55,5,36
-54,5,36
-54,5,36
-54,5,36
-54,5,36
-54,5,36
-53,5,37
-53,5,37
-53,5,37
-54,5,37
-54,5,37
-54,5,37
-54,5,37
-54,5,36
-54,4,36
-54,4,36
-54,5,36
-55,5,36
-55,4,36
-55,4,36
-54,5,36
-54,5,37
-54,5,37
-53,6,37
-52,6,38
-52,6,38
-53,6,37
-54,4,37
-54,3,37
-54,4,37
-53,5,37
-54,6,36
-54,5,36
-54,5,36
-54,4,36
-54,5,36
-54,5,35
-54,5,36
-54,5,37
-53,4,37
-53,4,37
-55,5,37
-55,4,36
-55,4,36
-54,4,36
-54,4,37
-53,5,37
-53,5,37
-53,5,37
-53,5,37
-53,5,38
-54,5,37
-54,5,37
-54,5,37
-53,5,37
-54,5,36
-55,4,36
-54,4,36
-54,5,37
-54,5,37
-54,5,36
-54,5,37
-54,5,37
-53,5,37
-53,5,37
-53,5,37
-53,5,37
-54,5,37
-53,5,37
-54,5,37
-54,5,37
-54,4,36
-54,4,37
-54,4,36
-54,4,36
-54,4,37
-54,5,37
-54,5,37
-54,5,37
-54,5,36
-54,5,36
-53,5,37
-54,5,37
-54,5,37
-54,5,36
-54,5,37
-54,5,37
-54,4,36
-54,4,36
-54,4,37
-53,5,37
-53,5,37
-54,5,37
-54,5,37
-54,4,37
-54,4,36
-54,4,36
-54,4,37
-54,4,37
-54,4,37
-54,5,37
-54,4,37
-54,5,37
-54,4,37
-53,4,37
-53,5,37
-53,5,37
-54,4,37
-54,4,37
-54,4,37
-53,4,37
-53,4,37
-54,4,37
-54,5,37
-54,4,37
-54,4,37
-53,5,37
-54,5,37
-54,5,37
-54,4,37
-54,4,37
-54,4,37
-54,5,36
-54,5,37
-53,4,37
-54,5,37
-54,5,37
-54,4,37
-53,4,37
-54,4,37
-54,4,37
-54,5,37
-53,5,37
-54,4,37
-54,4,37
-54,4,37
-53,5,37
-53,5,37
-53,4,37
-54,4,37
-54,4,37
-53,5,37
-53,5,37
-54,4,37
-54,4,37
-54,5,37
-54,4,37
-53,4,37
-54,4,37
-54,4,37
-54,4,37
-54,4,37
-54,4,37
-54,4,37
-54,4,37
-54,4,37
-54,4,37
-54,5,37
-54,5,37
-54,4,37
-54,4,37
-54,4,37
-53,5,37
-53,5,37
-54,4,37
-54,5,37
-54,5,37
-54,5,37
-54,5,37
-54,5,37
-54,5,37
-54,5,37
-54,4,37
-54,4,37
-54,5,37
-54,4,37
-54,5,37
-54,5,37
-54,5,37
-54,5,37
-54,5,37
-53,5,37
-54,5,37
-54,5,37
-54,5,37
-54,5,37
-53,5,37
-54,5,37
-54,5,37
-54,5,37
-54,5,37
-54,5,37
-54,5,37
-54,5,37
-54,5,36
-54,5,37
-54,5,37
-54,5,37
-54,5,37
-54,5,37
-54,5,37
-54,5,37
-54,5,37
-54,5,37
-54,5,37
-54,5,37
-54,5,37
-54,5,37
-54,5,37
-54,5,37
-53,5,37
-53,5,37
-54,5,37
-54,5,37
-53,5,37
-54,6,37
-54,5,37
-54,5,37
-54,5,37
-54,5,37
-54,5,37
-54,5,37
-54,5,37
-53,5,37
-54,5,37
-54,5,37
-54,5,37
-54,5,37
-54,5,37
-54,5,37
-54,5,37
-54,5,37
-53,5,37
-54,5,37
-54,5,37
-54,5,36
-54,5,37
-53,5,37
-54,5,37
-54,5,37
-54,5,37
-54,5,37
-54,5,37
-54,5,37
-54,5,37
-54,5,37
-54,5,37
-54,5,37
-54,5,37
-54,5,37
-54,5,37
-54,5,37
-54,5,37
-54,5,37
-54,4,37
-54,4,37
-54,5,37
-54,5,37
-54,5,37
-54,5,37
-54,4,37
-54,4,37
-53,5,37
-54,5,37
-54,5,37
-54,4,37
-54,4,37
-54,4,37
-54,5,37
-54,4,37
-54,5,37
-54,5,37
-54,4,37
-54,4,37
-54,4,37
-54,4,37
-54,5,37
-54,5,37
-54,5,37
-54,4,37
-54,4,37
-54,4,37
-54,4,37
-54,4,37
-54,5,37
-53,4,37
-54,4,37
-54,4,37
-53,4,37
-53,4,37
-54,5,37
-54,5,37
-54,4,37
-54,5,37
-53,5,37
-54,4,37
-54,4,37
-54,4,37
-54,4,37
-54,5,37
-54,5,37
-53,4,37
-54,4,37
-54,4,37
-54,4,37
-53,5,37
-54,4,37
-54,4,37
-54,4,37
-54,4,37
-53,4,37
-54,4,37
-54,4,37
-53,5,37
-54,4,37
-54,4,37
-54,4,37
-54,5,37
-54,4,37
-54,4,37
-54,5,37
-54,5,37
-54,4,37
-54,4,38
-53,5,38
-53,5,37
-53,5,37
-53,5,37
-53,5,36
-54,6,36
-54,6,36
-53,5,37
-54,5,37
-54,5,37
-53,5,37
-54,6,37
-54,6,37
-53,5,38
-53,6,37
-53,5,37
-53,5,37
-53,5,37
-54,5,36
-54,5,35
-55,4,35
-53,5,37
-54,5,39
-53,4,41
-47,5,42
-49,4,41
-54,4,41
-53,4,41
-54,5,37
-54,5,36
-52,5,38
-51,5,38
-52,5,39
-52,5,39
-52,5,39
-52,5,39
-52,5,39
-52,5,39
-52,5,39
-53,5,39
-52,5,39
-52,5,39
-52,5,39
-53,5,39
-53,5,39
-53,5,39
-52,5,39
-51,5,39
-51,5,40
-52,5,40
-52,5,39
-52,5,39
-52,6,39
-51,6,40
-51,6,41
-50,6,41
-50,6,41
-50,6,41
-50,6,40
-51,6,41
-51,5,41
-51,5,41
-51,6,41
-50,6,41
-48,6,42
-48,6,43
-47,6,44
-47,6,44
-49,6,43
-50,6,44
-49,6,43
-48,7,45
-46,6,46
-46,6,44
-48,5,45
-44,4,45
-47,5,45
-48,6,46
-49,6,45
-47,6,44
-44,5,46
-46,5,45
-47,6,44
-47,6,44
-47,6,44
-46,6,45
-46,5,45
-46,6,46
-46,5,45
-45,6,44
-46,5,44
-47,6,45
-47,6,45
-47,6,46
-46,6,46
-47,5,45
-47,5,45
-47,6,45
-47,6,45
-47,5,44
-47,5,45
-47,6,45
-47,6,45
-47,5,45
-47,5,45
-47,6,45
-47,6,45
-47,6,45
-47,6,45
-47,6,45
-47,6,45
-47,6,45
-47,6,45
-47,6,45
-47,6,45
-47,6,45
-47,6,45
-47,6,45
-47,6,44
-47,6,45
-48,6,44
-47,6,44
-46,6,45
-47,6,45
-47,6,45
-47,6,45
-47,6,44
-47,6,45
-47,6,45
-47,6,44
-47,6,45
-47,6,45
-47,6,45
-47,6,45
-47,6,45
-47,6,45
-47,6,45
-47,6,45
-47,6,45
-47,6,45
-47,6,45
-47,6,45
-47,6,44
-47,6,44
-47,6,45
-47,6,45
-47,6,45
-47,6,45
-47,6,45
-47,6,45
-47,6,45
-47,6,45
-47,6,45
-47,6,45
-47,6,45
-46,6,45
-47,6,45
-47,6,45
-47,6,45
-47,6,45
-47,6,45
-46,6,45
-47,6,45
-47,6,45
-47,6,45
-47,6,45
-47,6,45
-47,6,45
-47,6,45
-47,6,45
-46,6,45
-47,6,45
-47,6,45
-46,6,45
-46,6,45
-46,6,45
-46,6,45
-47,6,45
-47,6,45
-47,6,45
-47,6,45
-47,6,44
-47,6,45
-47,6,45
-46,6,45
-47,6,45
-47,6,45
-47,6,45
-47,6,45
-47,6,45
-46,6,45
-46,6,45
-46,6,44
-46,6,45
-47,6,45
-47,6,45
-47,5,45
-47,6,45
-46,6,45
-45,6,45
-45,6,45
-46,6,45
-47,6,45
-47,6,45
-47,6,45
-47,6,45
-47,6,45
-47,6,45
-47,6,45
-46,6,45
-46,5,45
-47,6,45
-47,6,45
-47,5,45
-47,6,45
-47,6,45
-47,6,45
-47,6,45
-47,6,45
-47,6,45
-47,6,45
-47,5,45
-47,6,45
-47,6,45
-47,6,45
-47,6,45
-47,6,45
-47,6,45
-47,6,45
-47,6,45
-47,6,45
-47,6,44
-47,6,45
-47,6,45
-47,6,45
-47,6,44
-47,6,45
-47,6,45
-47,6,45
-47,6,45
-47,6,46
-47,6,46
-46,6,45
-48,5,46
-47,6,46
-46,6,46
-47,7,46
-47,8,46
-44,7,46
-42,6,46
-41,6,47
-41,7,46
-40,8,45
-39,9,46
-42,11,46
-45,11,47
-48,8,48
-50,8,49
-41,10,43
-50,13,38
-55,13,36
-54,12,34
-55,10,35
-52,9,37
-51,9,37
-50,9,36
-54,9,35
-55,9,33
-52,10,31
-52,11,25
-56,10,25
-62,7,22
-64,5,22
-65,-1,23
-64,-2,23
-73,-4,21
-72,-8,21
-68,-6,23
-63,-6,24
-61,-6,25
-61,-7,24
-61,-7,24
-60,-8,24
-59,-8,23
-61,-9,22
-61,-10,22
-59,-12,21
-58,-12,21
-60,-12,20
-60,-12,21
-59,-11,21
-60,-10,21
-60,-9,21
-61,-9,22
-62,-9,22
-62,-9,22
-62,-8,22
-63,-8,22
-63,-6,22
-63,-5,22
-63,-5,23
-63,-5,23
-63,-4,23
-63,-4,23
-62,-3,23
-62,-1,22
-62,-1,23
-61,0,22
-61,1,23
-60,2,23
-59,2,24
-60,3,24
-60,3,25
-62,3,26
-62,3,26
-61,4,25
-60,4,25
-61,4,26
-61,4,26
-58,3,23
-57,3,25
-58,4,26
-59,4,26
-61,4,28
-61,4,28
-61,5,29
-61,5,29
-60,5,29
-59,4,29
-58,4,29
-58,4,28
-57,4,28
-56,5,28
-57,6,28
-58,7,27
-59,7,28
-62,6,28
-62,5,28
-60,4,28
-59,4,28
-59,4,28
-58,4,28
-59,3,30
-58,3,31
-56,4,32
-56,4,32
-55,6,32
-56,8,31
-55,13,30
-58,15,27
-58,17,25
-62,19,20
-62,17,19
-61,17,14
-61,17,12
-62,12,13
-61,10,11
-60,5,13
-59,1,12
-66,0,17
-73,2,11
-62,2,15
-68,9,3
-73,18,-18
-57,21,-10
-62,31,-12
-76,28,-13
-50,-6,22
-16,-29,43
-128,10,-2
-43,4,27
-45,12,21
-63,12,19
-59,10,22
-68,6,27
-62,6,27
-33,14,23
-55,8,27
-52,10,29
-60,14,34
-52,15,28
-58,17,20
-71,10,42
-65,11,40
-35,10,25
-49,11,28
-62,8,40
-57,11,39
-59,15,29
-53,13,32
-61,9,20
-62,9,20
-62,15,19
-56,20,20
-55,17,20
-59,16,22
-61,16,23
-55,16,26
-57,15,26
-63,17,24
-66,19,23
-60,17,24
-65,19,19
-61,20,19
-61,18,18
-64,18,16
-62,17,18
-61,19,19
-63,19,17
-61,19,19
-65,20,17
-64,21,21
-63,24,22
-68,27,24
-65,34,31
-64,35,29
-60,36,20
-57,36,20
-55,37,21
-52,35,18
-44,35,18
-41,36,16
-37,37,17
-33,38,20
-31,40,21
-29,42,25
-28,44,29
-25,45,32
-23,48,29
-28,48,27
-17,49,36
-15,48,35
-23,50,31
-19,50,34
-16,50,35
-18,50,33
-15,51,37
-12,52,35
-9,52,35
-7,52,37
-8,52,36
-6,52,37
-7,52,38
-8,50,37
-9,51,38
-6,51,38
-5,51,39
-3,51,40
-3,51,41
2,50,42
5,50,43
7,52,45
8,52,44
11,50,43
12,51,42
26,50,41
22,48,39
17,45,32
22,40,30
22,39,30
26,39,30
28,38,30
31,38,31
30,39,31
35,43,33
32,43,34
34,45,36
35,45,34
36,44,31
33,44,31
34,42,28
34,41,26
34,37,25
32,36,26
33,35,25
34,35,28
34,37,26
34,39,28
30,40,30
30,45,35
31,47,36
30,47,40
34,49,39
37,51,36
36,50,34
35,49,34
32,48,33
27,45,31
27,44,32
28,42,31
27,41,31
26,41,32
26,42,32
29,43,33
23,43,32
25,44,35
25,44,35
24,44,34
22,43,34
21,41,34
21,39,33
16,36,31
20,39,30
19,40,30
4,39,27
1,40,27
-10,41,28
-20,41,28
-30,43,32
-38,40,32
-48,42,32
-56,40,34
-64,40,38
-67,36,48
-70,36,43
-62,33,46
-61,33,38
-59,31,34
-59,28,26
-47,23,36
-69,30,15
-51,27,23
-65,28,21
-67,28,21
-51,27,27
-51,25,28
-49,25,31
-50,25,31
-52,23,31
-43,22,33
-43,23,37
-51,25,37
-50,27,38
-45,29,37
-42,28,37
-53,26,30
-58,27,22
-64,27,19
-65,29,17
-51,30,19
-53,29,17
-56,28,7
-50,29,8
-56,28,9
-57,28,10
-57,32,14
-55,30,13
-58,28,14
-56,28,10
-58,27,12
-60,30,13
-56,29,13
-56,26,12
-61,27,5
-62,32,0
-52,31,2
-58,30,-7
-60,28,-4
-57,32,0
-51,28,1
-64,31,2
-68,28,6
-53,25,14
-61,24,16
-44,21,33
-46,15,19
-65,31,-16
-54,39,-21
-71,20,-4
-78,24,-12
-48,33,-8
-58,27,-14
-55,30,-16
-64,32,0
-64,29,2
-57,27,5
-51,28,8
-47,18,15
-46,12,24
-77,31,-5
-91,32,-5
-52,26,0
-45,38,-5
-55,24,-8
-59,25,-2
-75,33,0
-70,28,3
-46,29,6
-41,30,9
-58,28,-6
-56,26,12
-60,26,13
-63,27,11
-65,27,9
-47,28,14
-46,25,17
-61,24,15
-65,25,13
-63,27,12
-63,29,12
-62,30,12
-59,28,13
-59,29,12
-56,30,13
-57,29,11
-55,29,13
-56,30,11
-56,30,9
-55,28,9
-55,28,11
-56,29,11
-55,29,11
-56,29,13
-58,29,13
-58,28,14
-57,26,14
-57,25,15
-56,25,17
-55,25,17
-55,24,17
-58,25,16
-58,24,20
-57,24,19
-63,24,19
-58,20,25
-45,13,40
-45,12,44
-48,9,41
-53,9,43
-52,10,47
-49,11,47
-49,12,52
-50,13,50
-50,16,46
-48,16,44
-46,15,41
-48,14,42
-44,12,44
-44,13,42
-48,14,41
-50,16,40
-53,18,40
-54,20,36
-53,21,34
-48,20,31
-46,19,29
-48,18,34
-51,19,35
-48,19,37
-43,17,41
-55,20,40
-60,20,38
-56,20,29
-54,22,27
-61,30,19
-59,34,16
-51,38,5
-68,32,5
-70,28,11
-38,31,20
-24,30,24
-36,27,25
-50,23,27
-55,19,27
-61,16,25
-44,13,34
-43,11,37
-66,6,40
-58,7,39
-46,8,40
-56,6,40
-53,5,42
-61,19,45
-45,14,46
-38,14,43
-59,8,41
-48,4,47
-47,7,44
-52,8,43
-50,7,41
-48,5,43
-47,6,44
-48,7,44
-48,6,43
-47,6,44
-47,6,44
-48,7,44
-48,7,44
-48,7,43
-48,6,43
-48,7,44
-48,7,44
-47,7,43
-48,7,43
-48,6,43
-48,7,44
-48,7,43
-48,6,43
-49,6,44
-47,7,43
-47,7,44
-48,7,45
-46,7,45
-47,6,44
-47,6,44
-48,7,44
-47,7,44
-48,6,44
-48,7,44
-48,6,44
-47,6,44
-48,6,44
-47,6,44
-47,7,43
-49,6,45
-47,6,44
-47,7,45
-47,6,44
-47,6,44
-48,6,43
-48,6,44
-47,6,44
-47,6,45
-47,6,44
-48,6,43
-48,6,43
-48,5,44
-48,5,43
-50,5,43
-48,5,43
-48,6,44
-48,5,43
-48,6,43
-47,5,44
-49,5,43
-49,5,42
-48,5,43
-48,5,43
-48,5,44
-48,5,44
-48,5,44
-48,5,44
-48,5,43
-48,5,44
-48,5,44
-48,5,44
-47,5,45
-48,5,44
-48,5,44
-48,6,43
-49,5,44
-48,5,44
-48,5,44
-48,5,44
-47,5,44
-48,5,44
-48,5,44
-48,5,43
-48,5,44
-48,5,44
-48,5,44
-47,5,44
-48,5,44
-48,5,44
-48,5,44
-47,5,44
-49,5,44
-47,5,44
-48,4,43
-47,5,42
-48,5,45
-47,5,45
-46,5,45
-46,5,46
-47,5,45
-46,5,45
-48,4,45
-47,5,44
-48,5,45
-48,5,45
-45,5,45
-47,4,46
-44,4,47
-49,5,45
-54,6,39
-51,5,40
-48,6,44
-49,5,43
-48,6,43
-48,5,43
-49,5,43
-51,5,42
-49,6,42
-50,5,44
-47,6,43
-49,5,42
-49,5,42
-49,5,42
-50,5,42
-49,5,43
-49,5,43
-49,5,43
-49,5,43
-49,5,43
-48,6,43
-49,6,43
-48,5,43
-49,5,42
-49,5,42
-48,5,43
-48,5,43
-46,4,44
-54,6,39
-55,8,36
-55,9,35
-54,8,37
-52,7,39
-53,7,39
-52,6,39
-53,6,39
-52,6,39
-53,7,38
-52,7,38
-53,7,39
-52,7,39
-52,7,39
-53,6,38
-52,7,38
-53,7,38
-52,6,38
-52,6,39
-53,6,38
-51,6,40
-50,6,42
-49,5,43
-49,6,43
-48,6,42
-49,5,43
-48,4,43
-48,4,43
-49,4,43
-48,5,43
-48,5,43
-48,5,44
-47,5,43
-48,5,43
-48,5,43
-49,4,44
-47,5,43
-48,5,43
-48,5,44
-48,5,44
-48,5,43
-49,5,43
-48,5,43
-49,5,43
-49,5,43
-49,5,42
-49,5,44
-47,5,44
-50,4,43
-48,6,43
-49,5,43
-48,6,43
-49,5,43
-49,5,43
-48,5,43
-49,5,43
-49,5,43
-48,5,44
-48,5,44
-48,5,44
-48,5,43
-49,5,43
-48,5,43
-49,5,43
-49,4,42
-49,5,43
-49,5,43
-48,5,44
-48,5,44
-48,5,44
-47,5,44
-48,5,44
-48,5,43
-47,5,43
-49,5,43
-48,5,43
-49,5,43
-48,5,44
-48,5,44
-48,5,44
-48,5,44
-48,5,44
-48,5,43
-48,6,44
-49,5,43
-49,5,43
-48,5,43
-49,5,44
-48,5,43
-48,5,44
-48,5,44
-48,5,44
-48,5,44
-48,5,44
-47,5,43
-50,5,44
-48,5,44
-48,5,44
-49,5,43
-48,5,43
-49,5,44
-48,5,44
-48,5,43
-49,5,43
-47,6,44
-48,5,43
-48,5,43
-49,5,43
-49,5,43
-49,5,43
-49,5,43
-48,5,43
-49,5,43
-49,5,43
-48,5,43
-49,5,43
-49,5,43
-48,5,43
-48,5,43
-48,5,43
-49,5,43
-48,5,43
-49,5,43
-49,5,43
-49,5,43
-49,5,43
-49,5,43
-48,5,43
-48,5,43
-48,5,43
-49,5,43
-48,5,43
-49,5,43
-48,5,43
-48,5,43
-48,5,43
-48,4,44
-46,4,45
-45,2,47
-49,-4,49
-60,-1,39
-58,-1,34
-57,7,33
-60,9,31
-54,10,32
-48,10,31
-51,15,31
-55,16,31
-53,17,30
-56,18,30
-57,23,30
-57,31,26
-58,25,26
-59,23,27
-62,25,21
-59,22,20
-58,20,19
-62,17,16
-62,15,16
-60,14,14
-61,15,13
-60,15,7
-60,16,1
-66,9,4
-70,8,2
-71,12,5
-68,13,4
-62,16,5
-63,18,4
-61,14,12
-63,15,12
-65,17,8
-59,14,12
-59,13,19
-61,15,19
-59,15,17
-61,14,18
-64,14,19
-62,13,18
-64,13,18
-61,13,16
-61,14,16
-61,13,18
-62,13,19
-61,13,18
-60,14,19
-59,15,19
-60,15,17
-61,15,16
-63,15,15
-62,15,16
-61,14,17
-62,13,16
-62,13,16
-61,13,15
-61,14,15
-59,15,16
-62,14,15
-63,12,16
-65,12,17
-64,11,18
-64,12,18
-62,13,17
-60,13,18
-61,12,16
-62,12,16
-62,12,16
-63,12,17
-63,11,17
-63,11,17
-62,11,17
-61,12,18
-61,12,18
-62,13,17
-62,14,16
-63,14,16
-63,13,15
-63,12,16
-63,11,16
-63,11,16
-62,10,17
-62,11,16
-62,11,16
-63,12,17
-61,12,16
-62,12,16
-63,13,15
-63,13,15
-63,12,15
-63,12,15
-63,12,16
-63,11,16
-63,11,16
-62,11,16
-62,11,15
-63,12,15
-61,13,15
-62,12,15
-62,12,15
-63,12,15
-63,12,16
-63,12,16
-63,12,15
-63,12,15
-62,12,15
-63,13,15
-62,12,16
-62,12,15
-62,12,16
-63,12,15
-63,12,15
-62,12,15
-63,12,15
-63,11,15
-63,11,16
-63,12,15
-63,13,15
-63,13,15
-63,13,15
-62,13,15
-63,13,15
-62,12,15
-62,12,15
-62,12,15
-62,13,15
-64,13,13
-64,13,11
-64,13,11
-63,14,10
-64,14,8
-62,15,8
-63,14,6
-64,14,3
-64,15,3
-62,16,2
-65,16,-2
-70,18,-3
-69,17,0
-66,17,0
-64,15,6
-56,10,13
-57,10,17
-66,11,11
-64,13,9
-59,14,9
-57,16,9
-60,20,5
-60,20,4
-59,20,6
-61,20,5
-60,19,7
-63,18,8
-65,20,8
-66,19,9
-64,18,10
-60,18,12
-57,18,11
-65,17,9
-62,18,8
-57,19,10
-60,17,9
-68,8,16
-60,7,20
-60,4,23
-62,1,24
-72,1,18
-66,2,20
-63,8,20
-64,11,19
-65,11,21
-58,15,26
-61,18,24
-59,22,25
-56,22,25
-62,26,16
-63,27,16
-57,25,19
-58,25,16
-55,26,19
-54,25,19
-53,25,15
-55,25,15
-53,26,13
-51,27,9
-49,28,8
-50,26,9
-56,26,-1
-55,27,-2
-63,24,1
-58,26,2
-57,26,-3
-60,27,-12
-58,26,-11
-59,25,-18
-61,26,-22
-63,25,-23
-61,24,-20
-60,24,-21
-61,22,-19
-60,20,-18
-60,21,-21
-57,19,-20
-56,18,-20
-57,18,-22
-56,18,-23
-55,18,-26
-56,19,-27
-57,18,-23
-58,18,-23
-61,18,-22
-62,18,-22
-60,17,-22
-60,18,-23
-61,17,-23
-59,17,-23
-58,17,-23
-60,15,-21
-60,15,-20
-59,15,-19
-62,16,-21
-60,17,-23
-63,18,-23
-57,16,-20
-62,17,-21
-62,15,-19
-61,15,-16
-62,19,-13
-61,19,-11
-60,17,-7
-60,18,-6
-63,20,-6
-61,19,-4
-63,19,-3
-62,18,-3
-61,17,-4
-62,16,-3
-65,15,-5
-65,14,-5
-66,14,-5
-64,14,-4
-66,14,-6
-63,15,-5
-64,16,-5
-62,18,-3
-60,19,-3
-60,21,-5
-61,19,-5
-60,21,-9
-60,22,-9
-60,22,-8
-60,22,-10
-60,19,-9
-62,20,-9
-58,19,-9
-55,19,-6
-62,18,-9
-62,18,-10
-63,18,-12
-63,18,-11
-64,18,-10
-60,18,-7
-59,18,-6
-59,19,-12
-59,19,-14
-58,17,-20
-59,17,-25
-60,17,-31
-60,17,-32
-60,17,-30
-60,17,-30
-60,19,-32
-61,20,-33
-53,19,-27
-50,19,-23
-58,21,-21
-59,22,-19
-57,22,-12
-60,21,-10
-58,22,-8
-61,21,-6
-72,17,-2
-54,21,12
-49,20,20
-51,16,19
-56,15,18
-67,19,16
-61,21,18
-59,23,17
-61,23,17
-61,21,17
-59,19,19
-63,18,19
-60,17,22
-53,16,27
-57,17,28
-60,17,26
-57,19,27
-55,20,26
-55,20,26
-56,21,25
-54,22,27
-55,21,27
-57,20,27
-58,19,29
-56,19,25
-57,18,23
-58,18,26
-54,18,29
-54,19,29
-56,19,26
-58,20,23
-57,21,23
-57,21,22
-58,21,21
-59,21,22
-57,21,23
-57,21,24
-57,21,24
-56,21,24
-57,21,23
-58,21,24
-58,21,24
-57,21,23
-56,21,22
-56,20,22
-59,19,23
-59,18,23
-60,19,22
-60,20,21
-59,20,20
-59,20,21
-60,19,21
-59,19,21
-59,19,21
-59,18,21
-61,18,22
-60,18,23
-60,18,21
-59,19,22
-59,19,20
-59,19,21
-60,19,17
-56,18,21
-58,17,20
-61,17,18
-62,18,16
-60,19,14
-61,19,14
-63,19,14
-62,19,14
-61,18,15
-61,18,14
-59,18,16
-61,18,16
-61,18,14
-61,19,14
-63,20,12
-62,20,11
-61,21,11
-60,20,11
-61,20,11
-61,19,11
-63,20,11
-61,19,14
-62,19,11
-61,19,13
-59,19,13
-57,19,15
-60,19,17
-59,20,18
-59,19,18
-62,18,21
-61,18,23
-62,18,24
-67,18,22
-64,19,18
-63,19,18
-58,21,19
-57,21,21
-49,23,22
-49,23,22
-45,22,21
-46,23,24
-52,23,29
-55,21,33
-52,19,37
-52,19,38
-58,19,37
-57,18,35
-58,17,34
-58,17,33
-55,18,28
-54,17,26
-55,16,27
-56,17,30
-55,17,28
-57,17,30
-56,17,32
-54,17,35
-53,15,35
-51,15,40
-53,15,34
-57,19,28
-56,20,26
-54,20,21
-60,19,15
-56,23,10
-52,24,8
-47,21,10
-58,18,3
-87,18,-9
-73,18,-9
-58,18,-10
-56,17,-14
-54,15,-22
-62,14,-22
-61,16,-22
-60,17,-21
-59,18,-19
-61,19,-16
-61,19,-15
-63,17,-16
-66,16,-15
-70,15,-14
-74,13,-11
-65,18,-7
-59,22,0
-57,24,7
-58,24,8
-59,22,22
-55,25,23
-45,23,19
-48,21,19
-57,24,28
-57,24,29
-56,24,26
-55,23,23
-56,23,22
-55,22,22
-53,22,22
-55,22,22
-52,21,22
-47,21,19
-54,20,19
-70,19,18
-61,17,20
-61,15,22
-66,14,20
-60,15,21
-58,15,21
-63,14,21
-63,14,21
-58,12,24
-60,12,25
-63,13,26
-62,12,28
-63,11,27
-60,10,27
-55,10,29
-59,10,29
-59,10,29
-58,9,29
-59,8,29
-60,7,28
-58,7,28
-58,7,28
-57,8,28
-58,8,28
-62,7,30
-58,8,29
-58,6,31
-59,7,34
-59,6,32
-56,4,32
-57,3,32
-56,3,31
-57,3,30
-57,1,32
-57,2,33
-57,2,33
-57,1,32
-57,0,32
-57,0,31
-56,0,32
-57,0,32
-57,0,32
-57,0,33
-57,0,33
-57,0,33
-57,1,33
-57,1,32
-57,1,32
-56,0,33
-56,0,32
-56,0,33
-57,1,32
-57,2,32
-57,2,32
-58,2,31
-58,3,31
-57,3,32
-57,3,33
-57,3,31
-58,4,30
-57,5,30
-57,5,30
-58,5,30
-64,5,34
-64,6,29
-70,1,27
-84,6,18
-76,15,17
-66,20,16
-57,26,11
-56,26,8
-46,24,10
-51,21,13
-52,23,12
-56,22,12
-52,29,10
-51,25,14
-63,27,10
-68,28,9
-60,30,9
-54,30,10
-52,30,14
-45,30,21
-37,30,25
-54,28,18
-59,28,19
-61,28,17
-60,30,15
-56,30,14
-58,30,13
-56,31,9
-59,30,6
-64,27,5
-61,27,5
-59,27,5
-59,27,4
-58,27,5
-60,27,3
-60,29,4
-59,29,3
-58,29,4
-57,29,4
-58,30,4
-58,29,5
-58,28,5
-59,29,4
-58,29,5
-58,29,5
-58,29,4
-57,29,4
-57,29,4
-57,30,4
-58,30,4
-57,30,5
-57,29,5
-59,29,5
-59,29,5
-58,29,6
-58,29,5
-59,29,5
-58,29,5
-58,30,5
-58,30,5
-57,29,5
-57,29,6
-59,30,5
-58,30,5
-58,29,5
-57,29,6
-58,29,5
-58,29,5
-58,30,4
-57,30,4
-58,30,4
-59,30,3
-57,30,5
-60,30,4
-59,30,5
-56,30,10
-55,30,9
-59,31,7
-58,31,8
-57,31,8
-59,31,7
-56,30,9
-55,30,10
-56,30,11
-57,31,10
-57,31,9
-56,32,10
-56,32,9
-56,32,9
-56,32,10
-55,31,11
-55,31,12
-56,31,11
-57,32,11
-56,32,10
-56,31,11
-56,32,11
-56,31,11
-56,32,11
-57,32,12
-56,31,13
-56,31,12
-56,31,12
-56,31,12
-56,31,12
-56,31,12
-56,31,12
-55,31,12
-56,32,12
-56,32,12
-56,32,12
-56,32,12
-55,32,11
-56,32,11
-57,31,11
-52,30,16
-53,31,16
-57,33,14
-60,33,16
-64,30,20
-51,31,26
-61,30,39
-54,28,44
-54,30,27
-44,32,24
-49,30,14
-55,30,6
-43,35,3
-44,33,3
-43,35,2
-53,32,6
-58,34,3
-56,34,-7
-54,36,-17
-49,34,-27
-52,34,-33
-48,33,-35
-44,34,-37
-40,36,-37
-42,37,-34
-40,39,-29
-45,39,-25
-47,40,-20
-46,40,-20
-59,37,-20
-61,34,-16
-58,33,-9
-55,35,-7
-54,38,-3
-54,39,-3
-50,43,-3
-47,47,-6
-53,50,-10
-37,52,2
-33,53,8
-59,32,5
-63,27,9
-69,18,8
-69,17,6
-82,19,-2
-79,17,1
-63,12,15
-57,0,17
-74,-32,10
-76,-34,-8
-65,-24,-17
-60,-28,-19
-65,-18,-5
-59,-13,5
-58,0,19
-57,13,22
-54,27,23
-52,41,27
-52,39,24
-38,44,27
-36,47,27
-40,35,23
-44,32,19
-42,28,27
-48,22,40
-49,24,36
-49,25,31
-72,18,30
-93,19,44
-74,27,19
-47,31,10
-44,25,-6
-65,22,-22
-53,35,-30
-42,28,-20
-50,38,-21
-47,37,-26
-56,28,-31
-63,32,-33
-46,37,-13
-31,20,-20
-70,20,-39
-53,27,-23
-48,28,-23
-56,26,-34
-53,26,-34
-56,26,-31
-54,30,-28
-55,25,-26
-51,24,-28
-54,22,-27
-55,25,-28
-53,24,-25
-51,24,-24
-55,25,-23
-56,25,-22
-55,26,-23
-55,24,-23
-55,24,-27
-52,26,-31
-51,26,-33
-50,24,-31
-47,25,-31
-50,24,-31
-49,25,-31
-50,25,-30
-51,25,-32
-51,26,-30
-52,26,-30
-51,26,-31
-51,25,-31
-51,26,-30
-51,27,-32
-51,26,-30
-52,27,-32
-50,26,-29
-50,25,-29
-48,27,-29
-51,26,-27
-51,26,-27
-50,27,-28
-54,26,-26
-53,27,-26
-54,26,-24
-54,26,-26
-55,25,-27
-54,24,-25
-54,25,-25
-53,25,-27
-53,24,-25
-53,24,-25
-54,26,-27
-52,25,-22
-53,26,-22
-58,27,-25
-57,24,-17
-54,32,-24
-53,26,-23
-55,28,-22
-55,27,-22
-56,29,-21
-57,25,-19
-58,27,-20
-57,26,-17
-58,24,-16
-57,26,-17
-57,25,-15
-58,25,-15
-56,28,-15
-57,26,-17
-56,26,-16
-55,28,-15
-55,27,-14
-59,27,-12
-59,25,-11
-57,26,-8
-57,24,-8
-59,27,-8
-60,26,-8
-61,26,-7
-61,27,-8
-58,26,-7
-58,25,-7
-60,26,-8
-61,26,-7
-60,25,-7
-59,25,-8
-59,26,-9
-60,26,-6
-59,26,-6
-60,26,-8
-60,26,-9
-59,26,-5
-59,28,-4
-58,26,-4
-58,28,-2
-60,26,-2
-59,27,0
-58,27,1
-61,27,-1
-62,27,-1
-58,26,1
-60,26,-4
-56,26,0
-63,26,0
-58,26,0
-61,28,-3
-61,27,-3
-59,27,-1
-60,27,-2
-60,26,-1
-61,26,-1
-61,27,-1
-59,26,-1
-58,26,2
-58,26,5
-59,26,5
-60,27,4
-61,25,5
-60,25,4
-60,26,5
-61,25,5
-60,25,5
-60,26,6
-60,26,7
-61,25,7
-59,25,7
-59,25,8
-60,25,8
-58,25,8
-58,26,8
-60,26,7
-59,25,8
-59,25,8
-60,25,6
-62,26,7
-57,27,4
-54,26,6
-65,24,5
-63,25,7
-55,25,7
-58,24,6
-67,27,3
-61,27,2
-58,25,3
-63,25,3
-61,26,6
-61,27,6
-61,26,7
-60,26,8
-58,26,6
-57,26,8
-56,27,7
-56,27,5
-57,26,7
-59,24,9
-61,25,9
-60,26,6
-62,26,7
-60,27,8
-59,27,7
-60,27,8
-59,26,9
-58,27,10
-58,25,10
-60,25,11
-58,24,9
-59,25,10
-58,25,10
-58,25,9
-56,25,10
-60,25,11
-60,25,12
-59,25,9
-62,26,8
-59,25,9
-61,24,9
-60,25,11
-54,22,10
-51,24,11
-73,24,8
-66,24,13
-58,21,22
-62,24,17
-56,23,13
-55,25,10
-58,27,6
-57,27,5
-54,26,10
-58,27,11
-60,25,10
-59,24,12
-61,23,12
-62,23,12
-62,24,12
-61,25,9
-63,24,9
-62,24,11
-57,23,11
-59,24,9
-61,24,8
-60,24,7
-61,24,8
-59,24,9
-58,24,9
-60,24,8
-60,24,9
-60,24,8
-60,24,8
-61,23,9
-59,23,9
-60,24,8
-59,24,9
-61,24,8
-61,24,8
-61,24,7
-60,23,7
-62,23,8
-60,23,8
-60,23,8
-60,23,8
-60,23,9
-61,23,8
-60,23,7
-62,23,7
-61,23,7
-60,23,6
-62,23,6
-62,23,6
-62,23,6
-63,23,7
-63,23,7
-62,23,8
-62,23,8
-60,23,8
-60,23,8
-60,23,8
-60,24,7
-60,24,7
-61,23,7
-59,23,7
-60,24,6
-60,23,7
-61,23,7
-60,23,8
-61,24,8
-61,23,8
-61,23,8
-60,23,8
-61,23,8
-60,23,8
-61,23,8
-60,23,7
-61,23,7
-61,24,8
-61,23,8
-61,23,7
-60,23,8
-60,23,8
-60,24,7
-60,24,8
-61,24,7
-61,23,7
-60,23,8
-60,23,8
-60,24,8
-60,24,8
-60,24,8
-60,24,8
-60,24,7
-60,24,8
-61,24,8
-60,24,8
-61,24,8
-60,23,9
-60,24,8
-60,24,8
-60,24,8
-60,24,8
-60,24,8
-60,24,8
-60,24,8
-61,24,8
-61,24,8
-60,23,8
-60,24,8
-60,24,8
-60,24,8
-60,24,8
-60,24,8
-60,24,7
-60,24,7
-60,24,8
-60,23,8
-60,23,8
-60,24,8
-60,24,8
-61,24,8
-61,24,8
-61,24,8
-61,24,8
-60,23,8
-60,23,8
-60,23,8
-60,24,8
-61,24,7
-61,24,7
-60,24,8
-61,23,8
-61,23,8
-61,23,8
-60,23,8
-60,23,8
-61,23,8
-60,23,7
-60,24,7
-60,24,8
-61,24,7
-61,23,8
-61,23,8
-60,23,8
-60,23,8
-60,24,8
-61,23,7
-60,23,7
-60,23,7
-61,24,7
-61,23,7
-61,23,8
-61,23,8
-61,23,8
-60,23,8
-61,23,8
-60,25,7
-61,24,6
-60,22,7
-63,22,6
-60,21,9
-61,21,8
-61,22,8
-61,21,8
-62,22,8
-62,22,8
-60,21,9
-61,21,8
-63,20,9
-63,20,9
-64,19,9
-65,19,8
-64,17,10
-63,17,9
-65,16,9
-62,15,9
-62,15,11
-57,16,13
-56,17,11
-61,18,12
-60,19,10
-62,19,9
-63,19,10
-62,20,8
-59,22,8
-62,23,6
-61,23,7
-66,22,3
-66,22,3
-64,22,3
-64,21,3
-63,22,3
-57,23,2
-56,25,0
-54,26,-2
-56,28,1
-64,27,-4
-63,32,-9
-58,32,-7
-58,32,-8
-58,34,-7
-59,33,-8
-64,37,-16
-62,34,-16
-57,31,-13
-56,31,-14
-54,33,-19
-52,29,-18
-58,24,-15
-59,23,-16
-58,18,-15
-60,17,-15
-62,18,-10
-59,17,-5
-55,21,0
-57,22,-1
-58,23,-1
-57,22,-2
-57,22,-3
-56,21,-2
-53,21,-1
-56,18,3
-59,15,7
-59,14,9
-62,16,8
-60,15,10
-57,15,13
-58,12,13
-60,12,13
-51,10,14
-52,8,13
-65,2,12
-73,-2,13
-61,-14,19
-64,-20,22
-61,-32,23
-64,-37,20
-72,-36,24
-66,-38,29
-37,-38,41
-32,-37,40
-45,-38,32
-61,-43,26
-58,-40,27
-45,-41,25
-47,-43,22
-51,-44,16
-52,-43,14
-53,-42,16
-53,-42,19
-49,-38,23
-48,-37,25
-48,-36,27
-47,-34,27
-50,-33,26
-51,-32,26
-49,-31,24
-50,-31,23
-52,-31,25
-52,-31,27
-51,-32,26
-53,-31,27
-50,-31,26
-47,-30,25
-50,-29,24
-57,-28,22
-56,-28,21
-56,-28,19
-54,-28,20
-52,-28,23
-51,-28,26
-51,-31,31
-49,-31,32
-51,-32,34
-50,-32,34
-48,-31,27
-51,-29,24
-51,-28,22
-54,-28,22
-55,-29,26
-54,-30,27
-51,-30,28
-49,-31,28
-49,-30,27
-48,-30,27
-48,-31,27
-49,-31,27
-49,-31,29
-49,-31,29
-51,-32,29
-56,-33,31
-60,-35,30
-52,-38,24
-49,-38,24
-40,-40,32
-37,-39,33
-30,-36,34
-30,-38,35
-37,-40,39
-40,-39,35
-46,-37,30
-48,-36,30
-50,-35,28
-55,-34,24
-50,-34,24
-51,-32,24
-44,-36,25
-46,-37,24
-48,-38,25
-47,-38,25
-47,-39,23
-47,-39,22
-46,-38,23
-50,-37,23
-50,-34,19
-46,-34,24
-44,-35,27
-39,-35,33
-34,-36,33
-27,-38,40
-28,-39,41
-25,-40,39
-22,-40,37
-22,-40,35
-27,-43,36
-48,-57,43
-61,-59,35
-49,-49,16
-36,-49,19
-24,-44,31
-29,-44,33
-42,-44,37
-35,-44,29
-30,-46,24
-27,-47,25
-31,-48,27
-34,-46,30
-34,-46,30
-33,-46,31
-34,-47,31
-35,-49,32
-36,-49,32
-33,-47,32
-31,-45,31
-33,-45,29
-34,-46,28
-33,-47,26
-34,-47,24
-36,-48,24
-35,-47,24
-34,-49,25
-33,-50,25
-33,-49,25
-37,-47,27
-37,-47,27
-37,-49,24
-37,-48,24
-36,-48,25
-37,-47,25
-37,-47,24
-38,-47,25
-39,-46,23
-39,-47,22
-38,-47,20
-39,-47,20
-42,-46,16
-45,-46,13
-41,-42,15
-35,-47,17
-67,-42,1
-55,-45,14
-26,-46,38
-25,-46,39
-31,-48,32
-31,-47,32
-32,-45,32
-40,-43,29
-40,-43,29
-41,-42,33
-40,-42,33
-40,-41,32
-40,-40,30
-38,-39,26
-40,-40,26
-39,-44,23
-39,-46,22
-36,-50,27
-36,-50,30
-36,-45,30
-35,-44,28
-36,-44,26
-39,-44,23
-39,-44,22
-39,-44,22
-43,-45,25
-44,-43,25
-46,-45,23
-47,-48,22
-45,-47,22
-32,-45,28
-32,-46,31
-41,-44,30
-39,-41,25
-36,-41,24
-34,-40,26
-35,-42,30
-37,-42,31
-35,-42,30
-36,-44,30
-41,-45,29
-47,-46,29
-38,-40,31
-35,-41,30
-42,-41,26
-43,-40,27
-46,-45,26
-47,-46,27
-41,-44,31
-40,-42,32
-37,-40,33
-43,-40,30
-45,-40,29
-42,-39,30
-42,-39,30
-44,-38,28
-44,-39,28
-40,-40,31
-41,-40,31
-42,-40,29
-44,-39,28
-42,-39,30
-43,-39,30
-45,-38,29
-44,-38,29
-43,-37,29
-44,-38,28
-45,-37,27
-46,-38,27
-48,-38,31
-49,-39,31
-50,-39,35
-50,-38,36
-46,-38,33
-47,-35,31
-44,-37,31
-34,-31,36
-33,-30,37
-33,-29,34
-36,-32,34
-34,-34,33
-25,-33,32
-39,-39,36
-49,-40,43
-58,-37,39
-46,-36,39
-41,-35,34
-39,-37,33
-39,-36,37
-38,-36,37
-43,-36,34
-43,-35,34
-44,-35,35
-43,-35,36
-38,-34,38
-36,-32,40
-38,-32,41
-41,-31,40
-40,-31,40
-41,-31,38
-42,-32,37
-40,-32,39
-38,-33,40
-38,-33,39
-38,-33,39
-39,-33,40
-38,-33,41
-38,-32,41
-39,-32,41
-37,-33,41
-37,-33,41
-40,-33,40
-41,-33,39
-44,-32,36
-47,-31,34
-47,-31,35
-46,-31,36
-44,-31,34
-47,-29,33
-48,-30,33
-51,-26,32
-48,-25,32
-50,-27,33
-55,-29,32
-70,-19,21
-73,-18,21
-51,-16,28
-44,-21,32
-50,-27,33
-46,-28,32
-43,-26,27
-47,-27,26
-51,-29,32
-47,-32,35
-38,-34,39
-41,-35,42
-46,-35,39
-46,-34,35
-49,-35,32
-53,-38,32
-55,-38,37
-59,-31,47
-58,-47,42
-58,-18,43
-50,-21,37
-40,-10,29
-40,-7,26
-45,-3,25
-44,-1,26
-53,-13,31
-74,-21,35
-76,-27,38
-60,-23,43
-54,-4,41
-58,3,34
-67,-1,31
-55,0,37
-41,1,42
-42,1,46
-41,3,50
-45,6,49
-49,10,47
-49,15,38
-54,17,30
-55,23,24
-51,23,21
-53,25,11
-57,26,8
-50,28,10
-44,33,13
-33,37,17
-50,36,10
-75,42,1
-68,43,4
-60,43,3
-64,44,-1
-54,52,0
-52,52,5
-49,56,0
-40,57,0
-31,60,-2
-22,61,3
-20,68,2
-19,59,2
-16,56,8
-17,47,8
-11,49,9
-23,47,9
-16,46,15
-18,48,13
-19,51,15
-16,57,17
-14,60,20
-14,54,26
-13,55,30
-12,55,28
-14,58,21
-16,59,18
-16,58,20
-23,56,13
-19,51,13
-20,43,8
-23,43,3
-28,52,14
-28,50,20
-29,62,14
-19,62,21
-26,69,17
-24,69,15
-22,68,20
-22,62,27
-24,61,23
-4,56,27
-14,55,20
-9,52,28
-4,49,30
-10,52,24
-8,50,25
-8,51,25
-12,49,24
-6,53,23
-9,52,20
-8,51,10
-2,51,10
-2,49,6
-6,50,6
-17,45,8
-28,45,7
-27,53,14
-56,38,21
-77,37,20
-68,36,29
-75,38,27
-69,27,29
-110,22,35
-38,5,29
-48,3,37
-86,21,16
-57,17,20
-58,12,24
-67,11,22
-54,10,28
-54,8,30
-58,9,37
-63,11,34
-59,10,25
-58,11,29
-61,13,29
-59,13,28
-56,11,29
-61,12,30
-56,11,28
-57,10,28
-58,10,29
-57,13,29
-57,11,31
-65,9,31
-60,7,33
-70,4,29
-56,7,34
-67,21,37
-62,25,29
-50,33,6
-50,30,1
-36,26,12
-27,25,17
-37,15,33
-42,11,50
-40,7,63
-46,8,59
-65,11,58
-52,10,58
-52,12,42
-64,17,26
-58,16,32
-49,18,33
-53,20,30
-54,19,33
-55,19,35
-47,19,35
-52,18,34
-47,17,45
-47,17,43
-53,16,36
-52,16,39
-45,17,37
-48,17,36
-51,19,36
-49,19,41
-51,18,41
-45,18,40
-53,20,36
-54,21,33
-58,21,28
-57,21,25
-54,22,24
-53,23,25
-55,22,26
-48,21,29
-50,21,28
-55,20,33
-60,20,31
-51,20,33
-55,20,33
-54,18,31
-53,16,32
-50,19,46
-49,19,45
-53,18,35
-51,18,34
-52,19,32
-54,19,32
-53,19,33
-54,20,34
-53,18,35
-52,18,35
-52,19,35
-52,19,34
-50,19,34
-53,20,34
-52,20,35
-52,20,34
-54,20,33
-51,20,33
-53,20,33
-53,18,35
-50,18,35
-49,19,36
-52,21,35
-51,23,33
-51,22,32
-53,20,28
-53,21,29
-52,20,30
-53,20,31
-56,20,30
-56,19,30
-58,19,23
-61,17,18
-59,21,17
-57,23,14
-58,24,12
-60,24,7
-60,25,3
-58,23,3
-61,23,4
-65,22,1
-65,21,1
-60,22,3
-62,23,0
-63,23,-4
-61,25,-5
-61,26,-11
-59,26,-10
-57,25,-3
-56,27,-3
-55,26,-4
-55,25,-4
-60,26,-7
-58,26,-6
-60,25,-7
-62,26,-11
-63,27,-12
-57,24,-7
-60,24,-10
-61,18,-13
-62,18,-15
-60,19,-18
-59,19,-17
-58,21,-15
-58,22,-15
-63,24,-15
-63,23,-12
-61,23,-8
-60,24,-8
-58,24,-4
-58,25,-5
-58,25,-6
-59,24,-7
-63,23,-8
-63,22,-8
-60,23,-9
-60,22,-9
-59,22,-10
-60,22,-8
-60,22,-8
-60,23,-9
-61,22,-8
-62,22,-8
-63,22,-8
-62,21,-7
-62,22,-7
-60,21,-6
-60,22,-6
-60,22,-7
-60,22,-7
-61,21,-7
-60,21,-6
-63,21,-6
-63,21,-7
-62,21,-5
-63,21,-4
-62,21,-4
-62,21,-4
-62,20,-4
-61,21,-4
-61,21,-4
-62,21,-4
-61,21,-4
-62,20,-4
-62,21,-3
-62,21,-3
-61,21,-3
-61,21,-2
-61,21,-2
-61,21,-1
-61,21,-1
-62,21,-2
-62,20,-2
-62,21,-2
-62,21,-3
-61,21,-2
-62,21,-2
-62,21,-2
-62,21,-2
-62,21,-2
-62,21,-3
-61,21,-3
-63,21,-4
-63,20,-3
-68,20,-4
-68,20,-4
-67,21,-3
-69,22,-2
-70,22,6
-69,24,7
-60,27,14
-56,26,11
-48,25,13
-43,24,16
-49,25,20
-50,27,24
-48,29,28
-50,29,28
-54,27,25
-52,26,27
-54,28,28
-53,28,28
-47,29,33
-47,29,32
-48,29,30
-52,28,29
-50,28,33
-52,29,31
-51,29,30
-49,29,30
-50,30,30
-51,30,30
-51,29,30
-49,30,31
-49,30,32
-47,30,32
-48,30,33
-45,30,32
-45,29,32
-45,30,34
-46,30,34
-50,30,34
-48,30,34
-49,30,34
-45,29,35
-47,29,34
-47,30,34
-46,30,34
-45,30,34
-46,30,35
-47,30,35
-47,30,37
-46,33,45
-47,35,46
-36,35,52
-34,36,51
-41,43,39
-42,44,33
-20,50,30
-14,49,28
-28,52,15
-33,52,14
-36,44,22
-32,37,23
-64,15,21
-60,8,19
-53,-1,32
-56,-3,34
-47,-10,34
-55,-17,46
-55,-18,49
-55,-14,45
-47,-11,46
-65,-16,62
-61,-8,53
-42,-1,45
-46,-3,42
-34,-5,51
-36,-8,56
-42,-4,48
-39,-5,49
-43,-6,48
-39,-8,48
-44,-6,50
-41,-1,51
-35,0,55
-38,0,55
-35,3,54
-38,3,53
-38,0,51
-40,0,51
-39,1,51
-37,1,53
-39,1,52
-34,1,54
-36,1,54
-36,0,53
-38,1,53
-34,2,54
-36,0,53
-36,0,53
-38,0,53
-36,1,54
-36,1,54
-40,1,52
-36,1,53
-38,1,54
-35,2,53
-35,1,54
-35,0,54
-35,0,54
-37,0,53
-36,1,54
-32,1,55
-35,2,54
-36,1,53
-35,1,54
-36,1,54
-36,1,54
-33,1,54
-35,1,54
-34,1,55
-34,1,54
-34,1,54
-34,1,54
-35,2,54
-35,1,54
-35,1,54
-35,2,54
-34,1,54
-36,1,53
-35,1,54
-36,1,54
-35,2,54
-35,1,54
-35,1,54
-35,1,54
-34,1,54
-36,1,54
-36,1,54
-35,1,54
-36,1,54
-36,1,54
-36,2,54
-36,1,54
-36,1,54
-35,2,53
-34,2,54
-34,2,55
-34,2,55
-36,1,53
-35,1,54
-35,1,54
-34,1,55
-35,1,54
-34,1,54
-35,1,54
-36,1,54
-35,1,54
-37,1,53
-36,1,54
-34,1,54
-35,1,54
-36,1,54
-34,1,54
-36,1,54
-36,1,53
-35,1,54
-34,2,54
-36,1,54
-35,1,54
-36,1,53
-35,1,54
-35,1,54
-35,1,54
-37,1,53
-36,1,54
-36,1,53
-34,1,54
-37,1,53
-35,1,54
-36,1,54
-35,1,54
-36,1,54
-35,1,54
-35,1,54
-36,1,54
-35,1,54
-36,1,54
-35,2,54
-37,1,53
-35,1,54
-36,1,54
-35,1,54
-36,1,54
-35,1,54
-36,1,54
-36,1,54
-34,1,54
-34,1,54
-34,1,54
-35,1,54
-35,1,54
-35,1,54
-35,1,54
-35,1,54
-35,1,54
-34,1,54
-35,1,54
-35,1,54
-34,2,55
-36,1,54
-36,2,54
-35,2,54
-35,1,54
-34,2,54
-35,2,54
-35,2,54
-36,1,54
-36,2,54
-35,2,54
-35,2,54
-35,2,54
-35,2,54
-35,2,53
-36,2,54
-35,2,54
-35,2,54
-36,2,54
-36,2,54
-36,2,54
-35,2,53
-35,2,54
-35,2,54
-36,2,54
-35,2,54
-36,2,54
-36,2,54
-35,2,54
-35,2,54
-35,2,54
-35,2,54
-36,2,54
-36,2,53
-34,3,54
-34,2,54
-35,2,54
-36,2,54
-36,2,54
-35,2,54
-35,2,54
-35,2,54
-35,2,54
-35,2,54
-35,2,54
-35,2,54
-35,2,54
-35,2,54
-36,2,54
-35,2,54
-35,2,54
-35,2,54
-35,2,54
-35,2,54
-35,2,54
-35,2,54
-35,2,54
-35,2,54
-36,2,54
-35,2,54
-35,2,54
-35,2,54
-35,2,54
-35,2,54
-34,2,54
-35,2,54
-35,2,54
-35,2,54
-35,2,54
-35,2,54
-35,2,54
-35,2,55
-35,2,54
-35,2,54
-35,3,54
-35,3,54
-35,2,54
-35,2,54
-35,2,54
-35,2,54
-35,2,54
-35,2,54
-35,2,54
-36,2,54
-35,2,54
-35,2,54
-35,2,54
-35,2,54
-35,2,54
-36,2,54
-35,2,54
-35,3,54
-36,2,54
-35,2,54
-35,2,54
-35,3,54
-35,2,54
-34,2,54
-35,2,54
-35,2,54
-35,2,54
-35,2,54
-35,2,54
-35,2,54
-35,3,54
-35,2,54
-35,3,54
-35,2,54
-36,3,54
-35,2,54
-36,3,54
-35,3,54
-35,2,54
-35,2,54
-35,2,54
-35,2,54
-35,3,54
-36,2,54
-36,2,54
-35,3,54
-35,3,54
-35,3,54
-35,3,54
-35,3,54
-35,3,54
-35,3,54
-35,2,54
-35,3,54
-35,3,54
-35,3,54
-36,3,54
-35,2,54
-35,3,54
-35,2,54
-36,2,54
-35,2,54
-35,2,54
-35,3,54
-36,3,54
-35,3,54
-36,2,54
-35,2,54
-35,2,54
-36,2,53
-35,3,54
-35,2,54
-38,3,54
-34,3,54
-34,2,54
-34,2,54
-36,2,54
-36,2,53
-34,2,54
-34,2,55
-36,2,54
-35,3,54
-34,3,54
-33,3,54
-36,2,54
-35,2,54
-34,2,54
-34,2,54
-35,2,54
-34,2,54
-34,2,54
-35,2,54
-34,3,54
-34,3,54
-34,2,55
-35,2,54
-34,2,54
-35,2,54
-34,2,54
-35,2,54
-34,3,54
-34,2,54
-35,3,54
-35,3,54
-35,2,54
-35,3,54
-34,2,54
-33,3,55
-36,3,54
-35,2,54
-34,2,54
-35,2,54
-34,3,54
-34,2,54
-34,2,54
-35,2,54
-34,3,54
-34,3,55
-34,2,55
-34,3,54
-34,3,54
-35,2,54
-35,2,54
-34,2,54
-34,3,54
-35,3,54
-35,2,54
-35,2,54
-34,3,55
-34,2,54
-35,2,54
-34,2,55
-34,2,54
-35,2,54
-36,2,54
-36,3,53
-37,2,53
-35,2,54
-35,2,54
-35,2,54
-36,2,54
-36,2,54
-35,3,54
-35,2,54
-35,2,54
-36,3,53
-36,2,53
-35,2,54
-36,2,53
-36,2,54
-36,2,54
-36,2,54
-36,2,53
-36,2,53
-35,2,54
-36,2,54
-36,2,54
-35,2,54
-35,2,54
-35,2,54
-35,2,54
-35,2,54
-36,2,54
-36,2,54
-36,2,54
-36,2,54
-36,2,54
-35,3,53
-34,3,55
-33,2,54
-36,2,53
-36,2,53
-35,2,54
-35,2,54
-34,2,54
-35,2,54
-35,3,54
-35,2,54
-36,2,54
-35,2,54
-35,2,54
-35,2,53
-36,2,54
-35,2,54
-35,2,54
-34,2,54
-36,2,53
-35,2,54
-35,2,54
-33,3,54
-36,2,54
-35,3,54
-35,2,54
-33,2,54
-35,3,54
-35,3,54
-35,2,54
-35,2,54
-34,3,54
-34,2,54
-34,2,54
-36,3,54
-36,2,54
-34,2,55
-35,2,54
-36,3,54
-35,3,54
-34,2,54
-35,3,54
-35,2,54
-35,3,54
-34,2,54
-34,3,54
-35,2,54
-35,2,54
-35,2,54
-35,3,54
-34,3,54
-35,2,54
-35,2,54
-35,3,54
-35,3,54
-34,2,54
-35,3,54
-35,2,54
-35,2,54
-35,2,54
-35,2,54
-35,2,54
-35,3,54
-35,2,54
-35,2,54
-35,2,54
-35,3,54
-34,2,54
-35,2,54
-35,2,54
-35,2,54
-35,3,54
-34,3,54
-34,2,54
-36,2,54
-35,3,54
-34,3,54
-35,2,54
-35,2,54
-35,2,54
-34,3,54
-35,3,54
-34,3,54
-35,3,54
-35,3,54
-34,3,54
-35,3,54
-35,3,54
-34,3,55
-35,3,54
-34,3,54
-34,3,54
-35,3,54
-35,3,54
-34,2,54
-35,2,54
-35,2,54
-35,2,54
-34,3,54
-34,3,54
-35,3,54
-34,2,54
-35,3,54
-34,3,54
-34,3,54
-35,2,54
-34,2,54
-35,2,54
-34,3,54
-36,3,54
-34,2,54
-34,2,54
-36,2,54
-34,3,54
-35,2,54
-35,3,54
-35,2,54
-35,2,54
-34,3,54
-35,3,54
-34,2,54
-35,2,54
-35,2,54
-34,3,54
-35,2,54
-34,2,54
-34,3,54
-35,3,54
-34,2,54
-35,2,54
-35,2,54
-34,2,54
-34,3,54
-35,2,54
-34,2,54
-34,3,54
-35,2,54
-34,2,54
-34,2,54
-35,2,54
-34,2,54
-35,2,54
-34,3,54
-35,3,54
-34,2,54
-35,2,54
-35,2,54
-35,2,54
-35,2,54
-35,3,55
-35,2,54
-35,3,54
-34,3,54
-34,3,54
-35,2,54
-35,2,54
-35,2,54
-34,3,54
-34,3,54
-34,2,54
-35,2,54
-35,3,54
-35,3,54
-35,3,54
-35,3,54
-35,2,54
-35,2,54
-35,3,54
-34,2,54
-34,2,54
-34,2,54
-35,2,54
-34,3,54
-35,3,54
-34,3,54
-34,3,54
-34,2,54
-35,3,54
-35,3,54
-34,2,54
-34,3,54
-35,2,54
-35,3,54
-35,3,54
-35,2,54
-35,3,54
-34,3,54
-35,3,54
-35,3,54
-35,3,54
-34,2,54
-35,2,54
-35,3,54
-34,3,54
-35,3,54
-34,3,55
-35,3,54
-34,3,54
-35,2,54
-34,3,54
-34,3,54
-34,3,54
-34,3,54
-35,3,54
-35,3,54
-34,3,54
-35,3,54
-34,3,54
-35,2,54
-35,3,54
-34,3,54
-35,3,54
-35,3,54
-35,3,54
-34,3,54
-34,3,54
-34,3,54
-34,3,54
-35,3,54
-35,2,54
-35,2,54
-35,3,54
-34,3,54
-35,2,54
-35,3,54
-34,3,54
-34,3,54
-35,3,54
-35,3,54
-34,3,54
-35,3,54
-35,3,54
-35,3,54
-35,3,54
-35,3,54
-35,3,54
-34,2,54
-34,3,54
-34,3,54
-34,3,54
-34,3,54
-34,3,54
-34,3,54
-35,3,54
-35,3,54
-35,3,54
-34,3,54
-34,3,54
-34,3,54
-35,3,54
-35,3,54
-34,3,54
-34,3,54
-35,3,54
-34,3,54
-34,3,54
-35,2,54
-34,3,54
-34,3,54
-34,3,54
-34,3,54
-35,3,54
-35,3,54
-35,3,54
-35,3,54
-35,3,54
-35,3,54
-35,3,54
-35,3,54
-34,3,54
-34,3,54
-35,3,54
-35,3,54
-34,3,54
-35,3,54
-34,3,54
-35,3,54
-34,3,54
-35,3,54
-34,3,54
-34,3,54
-35,2,54
-34,3,54
-34,3,54
-35,2,54
-34,3,55
-35,3,54
-34,3,54
-34,3,54
-34,3,54
-34,3,55
-34,3,54
-34,3,54
-34,2,54
-34,3,54
-34,3,54
-34,2,54
-34,3,54
-34,3,54
-34,3,54
-34,3,54
-35,3,54
-34,3,54
-34,3,54
-35,3,54
-35,3,54
-35,3,54
-35,3,54
-35,3,54
-35,3,54
-34,3,54
-35,3,54
-35,3,54
-35,3,54
-34,3,54
-34,3,54
-35,3,54
-34,3,54
-34,3,54
-35,3,54
-35,3,54
-35,3,54
-35,2,54
-34,3,54
-34,3,54
-34,3,55
-35,3,54
-36,2,54
-35,3,54
-35,3,54
-34,3,54
-34,3,54
-34,3,54
-35,3,54
-36,2,54
-34,3,54
-35,3,54
-35,3,54
-35,3,54
-35,3,54
-35,3,54
-34,3,54
-34,3,54
-34,2,54
-34,3,54
-34,3,54
-34,2,54
-34,3,54
-34,3,54
-34,3,54
-35,3,54
-34,3,54
-35,3,54
-34,3,55
-34,3,54
-36,2,54
-35,3,54
-35,2,54
-35,2,54
-35,3,54
-34,3,54
-34,3,54
-35,3,54
-35,3,54
-35,3,54
-34,3,54
-35,3,54
-35,3,54
-34,3,54
-35,3,54
-35,3,54
-34,2,54
-35,3,54
-35,3,54
-34,3,54
-34,3,54
-34,3,54
-35,3,54
-35,2,54
-34,3,54
-35,3,54
-35,3,54
-34,2,54
-35,3,54
-35,3,54
-34,2,54
-35,3,54
-35,2,54
-35,3,54
-35,3,54
-35,3,54
-34,3,54
-34,2,54
-35,3,54
-35,2,54
-35,2,54
-35,3,54
-35,3,54
-35,3,54
-35,3,54
-35,3,54
-34,3,55
-35,3,54
-35,3,54
-34,3,54
-35,3,54
-34,3,54
-36,2,54
-35,2,54
-35,2,54
-35,3,54
-34,3,54
-34,2,54
-35,3,54
-35,3,54
-35,3,54
-35,3,54
-35,3,54
-35,2,54
-35,3,54
-35,3,54
-35,3,54
-35,3,54
-35,3,54
-34,3,54
-34,2,54
-36,2,54
-35,3,54
-35,3,54
-35,3,54
-34,3,54
-35,3,54
-35,3,54
-36,2,54
-34,3,54
-34,3,54
-35,3,54
-34,3,54
-36,3,54
-35,3,54
-34,3,54
-35,3,54
-35,2,54
-34,2,54
-35,3,54
-35,2,54
-34,3,54
-35,2,54
-35,3,54
-35,3,54
-34,3,54
-35,3,54
-34,3,54
-34,2,54
-35,3,54
-35,3,54
-34,3,54
-34,3,54
-36,3,54
-34,3,54
-35,3,54
-35,3,54
-35,3,54
-34,3,54
-35,3,54
-33,2,55
-35,3,54
-34,3,54
-34,2,54
-34,3,54
-35,3,54
-35,3,54
-34,3,54
-35,3,54
-35,3,54
-34,3,54
-35,3,54
-35,2,54
-35,3,54
-35,3,54
-35,3,54
-35,3,54
-35,3,54
-35,3,54
-35,3,54
-35,3,54
-35,2,54
-35,3,54
-35,3,54
-35,3,54
-34,3,54
-36,3,54
-33,3,54
-35,3,54
-36,3,54
-34,3,54
-34,3,54
-35,3,54
-36,3,54
-34,3,54
-35,2,54
-36,2,53
-34,3,54
-34,3,54
-35,3,54
-36,2,54
-35,2,54
-36,3,54
-34,3,54
-34,3,55
-34,3,54
-35,3,54
-35,3,54
-35,3,54
-35,3,54
-35,3,54
-35,3,54
-35,3,54
-35,3,54
-35,3,54
-35,2,54
-35,3,54
-36,3,54
-35,3,54
-35,3,54
-35,3,54
-35,3,54
-36,3,54
-35,3,54
-35,3,54
-34,3,54
-35,3,54
-36,2,54
-35,3,54
-36,2,53
-34,3,54
-34,3,54
-35,3,54
-36,3,54
-35,3,54
-36,3,54
-35,3,54
-35,2,54
-34,3,54
-35,3,54
-35,3,54
-35,3,54
-35,3,54
-35,3,54
-35,2,54
-35,3,54
-35,3,54
-36,3,54
-35,2,54
-35,3,54
-34,3,54
-35,2,54
-37,2,54
-36,2,54
-35,3,54
-36,2,54
-35,3,54
-35,3,54
-35,2,54
-35,2,54
-35,2,54
-35,3,54
-35,2,54
-36,3,54
-35,2,54
-35,3,54
-36,3,54
-35,3,54
-35,3,54
-35,2,54
-35,3,54
-36,3,54
-35,2,53
-34,3,53
-35,2,54
-35,3,54
-36,2,53
-36,3,54
-35,2,54
-35,3,54
-36,2,54
-35,3,54
-36,3,54
-36,2,54
-35,2,53
-34,3,55
-33,3,55
-36,2,54
-35,3,53
-35,3,54
-35,3,54
-35,3,54
-35,2,54
-35,3,54
-36,3,54
-35,3,54
-35,3,54
-36,3,54
-35,3,54
-36,3,54
-35,3,54
-35,3,54
-35,3,54
-35,3,54
-35,3,54
-36,3,54
-35,3,54
-35,3,54
-35,3,54
-35,3,54
-35,2,54
-35,3,54
-35,3,54
-35,3,54
-35,3,54
-35,3,54
-35,3,54
-35,3,54
-35,3,54
-35,3,54
-35,3,54
-35,3,54
-35,3,54
-35,3,54
-35,3,54
-35,3,54
-35,3,54
-35,3,54
-35,3,54
-35,3,54
-35,3,54
-35,3,54
-35,3,54
-36,3,53
-36,3,54
-34,3,55
-35,3,54
-35,2,54
-36,3,54
-35,3,54
-35,3,53
-34,3,54
-34,3,54
-36,2,53
-36,3,53
-35,3,54
-35,3,54
-35,3,54
-35,3,54
-36,3,54
-36,3,54
-35,3,54
-35,3,54
-35,3,54
-36,2,54
-35,3,54
-36,3,54
-36,3,54
-35,3,54
-35,2,54
-35,3,54
-35,3,54
-36,3,54
-36,3,54
-35,3,53
-35,2,54
-35,2,54
-36,3,53
-35,3,54
-35,3,54
-35,3,54
-35,3,54
-35,3,54
-35,3,54
-35,3,54
-35,2,54
-35,3,54
-35,3,54
-35,3,54
-35,3,54
-35,3,54
-36,3,54
-35,3,53
-35,3,54
-35,3,54
-35,3,54
-36,3,54
-35,3,54
-35,3,54
-35,3,54
-34,3,54
-36,3,54
-35,3,54
-35,3,54
-35,3,54
-35,3,54
-35,3,54
-35,3,54
-36,3,54
-35,3,54
-35,3,54
-35,3,54
-36,2,54
-36,3,53
-36,3,53
-35,3,54
-35,3,54
-36,3,54
-36,3,54
-36,3,54
-34,3,54
-34,3,54
-35,3,54
-35,3,54
-36,3,54
-36,3,54
-35,3,54
-34,3,55
-35,3,54
-35,3,53
-35,3,54
-36,2,54
-35,3,54
-35,3,54
-36,3,54
-35,3,54
-36,3,54
-35,3,53
-35,3,54
-35,3,54
-34,3,54
-36,3,53
-37,2,54
-36,2,54
-35,3,54
-35,3,54
-35,3,54
-35,3,54
-36,3,53
-36,3,54
-35,3,54
-35,3,54
-35,3,54
-36,3,54
-35,3,54
-35,3,54
-35,3,54
-35,3,54
-35,3,54
-36,3,54
-35,3,54
-35,3,54
-36,3,54
-36,3,54
-35,3,53
-35,3,54
-35,3,54
-36,3,54
-36,3,53
-35,2,54
-35,3,54
-36,3,54
-35,3,54
-35,3,53
-35,3,53
-34,3,54
-36,3,54
-36,3,53
-35,3,54
-35,3,54
-35,3,54
-35,3,54
-35,3,54
-35,3,54
-36,3,53
-35,3,54
-35,3,54
-36,3,54
-36,3,54
-35,3,54
-35,3,54
-36,3,54
-35,3,54
-35,3,53
-36,3,54
-35,3,54
-36,3,53
-36,3,53
-36,3,54
-36,3,53
-36,3,54
-35,3,54
-36,3,54
-36,3,53
-35,3,54
-36,3,54
-36,3,54
-35,3,54
-35,3,54
-35,3,54
-36,3,54
-36,3,54
-35,3,54
-35,3,54
-36,3,54
-35,3,54
-36,3,54
-35,3,54
-35,3,54
-34,3,54
-36,3,54
-35,3,54
-35,3,54
-36,3,54
-35,3,53
-35,3,54
-35,2,54
-36,3,54
-36,3,54
-35,3,54
-35,3,54
-36,3,54
-35,3,54
-36,3,54
-35,3,54
-36,3,54
-36,3,53
-36,3,54
-35,3,54
-35,3,54
-36,3,54
-35,3,54
-35,3,54
-36,3,54
-35,3,54
-35,3,54
-36,3,53
-36,3,53
-35,3,54
-36,3,54
-36,3,53
-35,3,54
-36,3,53
-35,3,54
-36,3,53
-36,3,54
-35,3,54
-35,3,54
-37,3,54
-35,3,54
-35,3,54
-36,2,54
-36,3,54
-36,3,53
-36,3,53
-34,3,54
-35,3,54
-36,3,53
-36,3,53
-35,3,54
-36,2,54
-35,3,54
-36,3,54
-36,3,53
-36,3,54
-35,3,54
-35,3,54
-35,3,54
-35,3,54
-36,3,53
-35,3,54
-35,3,54
-36,3,54
-36,3,54
-35,3,54
-35,3,54
-36,3,54
-36,3,53
-34,3,54
-36,3,54
-35,3,54
-37,3,53
-34,3,54
-35,2,54
-35,3,54
-36,3,53
-36,3,54
-36,3,54
-36,3,54
-36,3,54
-36,3,53
-36,3,54
-35,3,54
-36,3,53
-36,3,54
-36,3,54
-36,3,54
-36,3,54
-35,3,54
-35,3,54
-36,3,54
-36,3,54
-35,3,54
-36,3,54
-35,3,54
-36,3,54
-36,3,53
-35,3,53
-36,3,53
-35,3,54
-36,3,54
-35,3,54
-36,3,53
-36,3,53
-35,3,54
-35,3,54
-34,3,54
-37,3,53
-36,3,54
-36,3,54
-34,3,54
-36,3,54
-35,3,54
-36,3,54
-35,3,53
-36,3,53
-36,3,53
-35,3,54
-35,3,54
-35,3,54
-37,3,53
-36,3,53
-36,3,53
-36,3,54
-37,3,53
-36,3,53
-36,2,53
-37,3,53
-36,3,53
-36,3,53
-37,3,53
-36,3,53
-36,3,53
-36,3,53
-37,3,53
-36,3,53
-36,3,53
-36,3,53
-36,3,53
-36,3,53
-36,3,53
-36,3,53
-37,3,53
-36,2,53
-36,3,53
-36,2,53
-37,3,53
-36,2,53
-36,3,53
-36,2,53
-36,2,53
-36,2,53
-36,2,53
-36,3,53
-36,2,53
-36,3,53
-36,3,53
-36,2,53
-36,3,53
-36,3,53
-36,3,53
-36,2,53
-36,3,53
-36,3,53
-36,3,53
-36,3,54
-36,2,53
-36,2,53
-35,2,54
-36,2,54
-35,2,54
-36,3,54
-34,3,54
-37,2,54
-37,3,53
-36,3,53
-36,3,53
-35,3,53
-36,3,53
-36,3,53
-36,3,53
-36,3,53
-36,3,53
-36,3,53
-36,3,53
-36,3,54
-36,3,53
-36,3,53
-36,3,53
-36,2,53
-36,3,54
-36,3,53
-36,3,53
-36,3,53
-36,3,53
-36,3,54
-36,3,53
-36,3,53
-36,3,53
-36,3,54
-36,3,53
-36,3,53
-34,3,54
-35,3,54
-37,3,53
-36,3,53
-35,3,54
-36,3,53
-36,3,53
-36,3,53
-36,3,53
-36,3,53
-36,3,53
-36,3,53
-36,3,54
-36,3,53
-36,3,53
-36,3,54
-36,3,54
-36,3,53
-36,3,53
-36,3,53
-36,3,54
-35,3,54
-36,3,53
-35,3,53
-36,3,53
-36,3,54
-36,2,54
-36,3,53
-36,3,54
-36,3,53
-36,3,53
-36,3,53
-36,3,53
-36,3,53
-36,3,53
-35,3,54
-35,3,54
-36,3,53
-36,3,54
-36,3,53
-36,3,53
-36,3,53
-35,3,53
-36,3,54
-36,3,53
-36,3,53
-36,3,53
-36,3,53
-37,3,53
-36,3,54
-35,3,54
-35,3,54
-36,3,54
-36,3,53
-36,3,53
-35,3,54
-36,3,53
-36,3,53
-35,3,54
-35,3,54
-36,3,53
-36,3,53
-36,3,53
-36,3,54
-36,3,53
-36,3,54
-36,3,54
-35,3,53
-37,3,53
-35,3,54
-36,3,53
-36,3,53
-36,3,54
-35,3,54
-36,3,54
-36,3,54
-36,3,54
-36,3,54
-35,3,54
-36,3,54
-36,3,53
-36,3,53
-36,3,53
-36,3,53
-37,3,53
-36,3,54
-36,2,53
-36,3,53
-36,3,53
-37,3,53
-36,3,53
-35,3,53
-36,3,53
-37,3,53
-35,3,53
-36,3,53
-35,3,54
-35,3,54
-36,3,53
-36,3,53
-36,3,54
-36,3,54
-36,3,53
-36,3,54
-36,3,54
-36,3,53
-36,3,54
-36,3,54
-36,3,53
-35,3,54
-35,3,54
-34,2,54
-35,3,54
-35,3,54
-35,3,54
-36,3,53
-36,3,54
-36,3,53
-36,2,54
-36,3,54
-35,3,54
-35,3,54
-35,3,54
-35,3,54
-36,3,54
-36,3,54
-35,3,54
-35,3,54
-35,3,54
-35,3,54
-35,3,54
-36,3,54
-35,3,54
-35,3,54
-35,3,54
-36,3,54
-35,3,53
-36,2,54
-36,3,53
-36,3,54
-36,3,54
-35,3,54
-35,3,54
-36,3,54
-35,3,54
-35,3,54
-35,3,54
-35,3,54
-35,3,54
-36,3,54
-35,3,54
-35,3,54
-36,3,54
-35,3,54
-35,3,54
-36,3,54
-35,3,54
-35,3,54
-35,3,54
-35,3,54
-35,3,54
-35,3,54
-35,3,53
-35,3,54
-35,3,54
-35,3,54
-35,3,54
-36,3,54
-36,3,54
-35,3,54
-35,3,54
-35,3,54
-36,3,53
-35,3,54
-35,3,54
-36,3,53
-35,3,54
-35,3,54
-35,3,54
-35,3,54
-36,3,53
-35,3,54
-35,3,54
-35,3,54
-36,3,54
-35,3,54
-35,3,54
-35,3,54
-35,3,54
-36,3,54
-35,3,54
-35,3,54
-35,3,54
-35,3,54
-35,3,54
-36,3,54
-35,3,53
-36,3,54
-35,3,54
-35,3,54
-35,3,54
-35,3,54
-35,3,54
-35,3,54
-35,3,54
-35,3,54
-35,3,54
-35,3,54
-35,3,54
-35,3,54
-35,3,54
-35,3,54
-35,3,54
-35,3,54
-36,3,54
-35,3,54
-35,3,54
-35,3,54
-35,3,54
-35,3,54
-35,3,54
-35,3,54
-35,3,54
-35,3,54
-35,3,54
-36,3,54
-35,3,54
-36,3,54
-35,3,54
-35,3,54
-35,3,54
-35,3,54
-35,3,54
-35,3,54
-35,3,54
-35,3,54
-36,3,54
-35,3,54
-35,3,54
-35,3,54
-35,3,54
-36,3,54
-36,3,54
-35,3,54
-35,3,54
-35,3,54
-35,3,54
-35,3,54
-35,3,54
-35,3,54
-35,3,54
-35,3,54
-35,3,54
-36,3,54
-35,3,54
-35,3,54
-35,3,54
-35,3,54
-35,2,54
-36,3,54
-34,2,54
-34,2,55
-34,2,54
-35,3,54
-35,2,54
-35,3,54
-36,3,54
-35,3,54
-35,3,54
-35,3,54
-35,3,54
-35,3,54
-35,3,54
-36,3,54
-35,3,54
-35,2,54
-36,3,53
-35,3,54
-36,3,53
-35,2,54
-35,2,54
-35,3,54
-35,2,54
-35,3,54
-35,3,54
-35,3,54
-35,3,54
-35,3,54
-36,3,54
-35,3,54
-35,3,54
-35,3,54
-35,3,54
-35,3,54
-35,3,54
-35,3,54
-35,3,54
-35,3,54
-35,3,54
-35,3,54
-35,3,54
-35,3,54
-35,3,54
-35,3,54
-35,3,54
-35,3,54
-35,3,54
-35,3,54
-35,3,54
-35,3,54
-35,3,54
-35,3,54
-35,3,54
-35,3,54
-34,3,54
-35,3,54
-35,3,54
-35,3,54
-35,3,54
-35,3,54
-34,3,54
-35,3,54
-35,3,54
-35,3,54
-35,3,54
-35,3,54
-35,3,54
-35,3,54
-35,3,54
-35,3,54
-35,3,54
-34,3,54
-35,3,54
-35,3,54
-35,3,54
-35,3,54
-35,3,54
-35,3,54
-35,3,54
-35,3,54
-34,3,54
-35,3,54
-35,3,54
-35,3,54
-35,3,54
-35,3,54
-35,3,54
-34,4,53
-33,3,55
-35,3,54
-34,2,54
-35,3,54
-35,3,54
-35,3,54
-35,3,54
-35,3,54
-35,3,54
-35,3,54
-36,3,54
-34,3,54
-35,3,53
-36,2,54
-34,2,54
-34,3,54
-34,3,54
-35,3,54
-34,3,54
-36,3,54
-35,3,54
-35,3,54
-36,3,54
-35,3,54
-35,2,54
-34,3,55
-37,3,53
-34,3,54
-36,2,54
-35,3,54
-36,3,53
-35,3,54
-35,3,54
-35,3,54
-35,3,54
-36,3,54
-35,3,54
-35,3,54
-34,3,54
-36,3,53
-36,3,53
-35,3,54
-36,3,54
-35,3,54
-36,3,54
-35,3,54
-36,3,54
-36,3,54
-36,3,54
-36,3,54
-36,3,53
-36,3,53
-35,3,54
-35,3,54
-36,3,53
-36,3,54
-36,3,54
-36,3,54
-35,3,54
-35,3,54
-35,3,54
-36,3,54
-35,3,54
-36,3,54
-35,3,54
-34,3,54
-35,3,54
-35,3,54
-35,3,54
-34,2,54
-34,3,54
-35,3,54
-34,3,54
-35,3,54
-35,3,54
-35,3,54
-36,3,54
-35,3,54
-35,3,54
-35,3,54
-35,3,54
-35,3,54
-35,3,54
-35,3,54
-35,3,54
-36,2,54
-34,3,54
-37,3,54
-35,3,53
-35,3,54
-35,3,54
-36,3,54
-36,3,54
-35,3,54
-35,3,54
-35,3,54
-35,3,54
-36,3,53
-35,3,54
-36,3,54
-36,3,54
-37,3,53
-35,3,54
-36,3,54
-37,3,53
-36,3,54
-36,3,53
-36,3,54
-36,3,54
-35,3,54
-36,3,53
-37,3,53
-36,3,53
-35,3,53
-36,3,53
-36,3,53
-36,3,53
-36,3,54
-36,3,54
-36,3,53
-36,3,53
-35,3,54
-35,3,54
-36,3,53
-36,3,53
-36,3,53
-36,3,53
-36,3,54
-36,3,54
-36,3,53
-35,3,54
-37,3,53
-36,3,53
-35,3,54
-35,3,54
-35,3,54
-36,3,54
-34,3,54
-34,3,54
-37,3,53
-35,3,54
-34,3,54
-36,3,54
-35,3,54
-36,3,54
-35,3,54
-35,3,54
-34,3,54
-35,3,54
-35,3,54
-35,2,54
-35,2,54
-35,3,54
-35,3,54
-35,3,54
-35,3,54
-35,2,54
-35,3,54
-34,3,54
-35,3,54
-35,3,54
-35,3,54
-35,3,54
-35,3,54
-35,3,54
-34,3,54
-35,3,54
-36,3,54
-34,3,54
-35,3,54
-35,3,54
-34,3,54
-35,3,54
-34,3,54
-35,3,54
-34,3,54
-35,3,54
-35,3,54
-35,3,54
-35,3,54
-34,3,54
-35,3,54
-34,3,54
-35,3,54
-35,3,54
-35,3,54
-35,3,54
-35,3,54
-34,3,54
-34,3,55
-36,3,54
-35,3,54
-35,3,54
-35,3,54
-34,3,55
-34,3,54
-35,3,54
-35,3,54
-35,3,54
-35,3,54
-35,3,54
-35,3,54
-35,3,54
-34,3,54
-34,3,54
-34,3,54
-35,3,54
-35,3,54
-35,3,54
-34,3,54
-35,3,54
-35,3,54
-35,3,54
-35,3,54
-35,3,54
-34,3,54
-35,3,54
-36,3,54
-35,3,54
-35,3,54
-35,3,54
-35,3,54
-35,3,54
-35,3,54
-35,3,54
-35,3,54
-35,3,54
-35,3,54
-35,3,54
-35,3,54
-35,3,54
-35,3,54
-35,3,54
-35,3,54
-34,3,54
-34,3,54
-35,2,54
-35,3,54
-35,3,54
-35,3,54
-35,3,54
-34,3,54
-35,3,54
-35,3,54
-35,3,54
-35,2,54
-35,3,54
-35,2,54
-35,3,54
-35,3,54
-35,3,54
-35,3,54
-35,3,54
-35,3,54
-35,3,54
-35,3,54
-35,3,54
-36,3,54
-35,3,54
-36,3,53
-35,3,54
-35,3,54
-35,3,54
-35,3,54
-36,3,54
-35,3,53
-34,3,54
-35,3,54
-35,3,54
-36,3,54
-35,2,54
-35,3,54
-34,3,54
-35,3,54
-35,3,54
-35,3,54
-35,3,54
-35,3,54
-35,3,54
-35,3,54
-35,3,54
-35,3,54
-34,3,54
-35,3,54
-35,3,54
-35,3,54
-35,3,54
-35,3,54
-35,3,54
-35,3,54
-35,3,54
-35,3,54
-35,3,54
-35,3,54
-35,3,54
-35,3,54
-35,3,54
-35,3,54
-35,3,54
-35,3,54
-35,3,54
-35,3,54
-36,3,54
-35,3,54
-35,3,54
-35,3,54
-35,3,54
-35,3,54
-35,3,54
-35,3,54
-35,3,54
-35,3,54
-35,3,54
-35,3,54
-35,3,54
-36,3,54
-35,3,54
-35,3,54
-35,3,54
-35,3,54
-35,3,54
-35,3,54
-35,3,54
-35,3,54
-35,3,54
-35,3,54
-35,3,54
-35,3,54
-35,3,54
-35,3,54
-35,3,54
-35,3,54
-35,3,54
-35,3,54
-35,3,54
-35,3,54
-36,3,54
-35,3,54
-35,3,54
-36,3,54
-35,3,54
-35,3,54
-35,3,54
-35,3,54
-35,3,54
-35,3,54
-35,3,54
-35,3,54
-35,3,54
-35,3,54
-36,3,54
-35,3,54
-35,3,54
-35,3,54
-36,3,54
-35,3,54
-35,3,54
-35,3,54
-35,3,54
-35,3,54
-35,3,54
-35,3,54
-35,3,54
-35,3,54
-35,3,54
-36,3,54
-35,3,54
-35,3,54
-35,3,54
-35,3,54
-35,3,54
-35,3,54
-35,3,54
-35,3,54
-35,3,54
-35,3,54
-35,3,54
-35,3,54
-35,3,54
-35,3,54
-35,3,54
-35,3,54
-36,3,54
-35,3,54
-35,3,54
-35,3,54
-34,3,54
-36,3,53
-36,3,54
-35,3,54
-35,3,54
-34,3,54
-35,3,54
-36,3,54
-35,3,54
-35,3,54
-34,3,54
-35,3,54
-35,3,54
-35,3,54
-35,3,54
-35,3,54
-35,3,54
-35,3,54
-36,3,54
-35,3,54
-35,3,54
-35,3,54
-35,3,54
-35,3,54
-35,3,54
-35,3,54
-35,3,54
-36,3,54
-35,3,53
-35,3,53
-34,3,54
-35,3,54
-36,3,54
-37,3,54
-35,3,54
-35,3,54
-34,3,54
-35,3,54
-36,3,54
-35,3,54
-35,3,54
-35,3,54
-35,3,54
-35,3,54
-36,3,54
-35,3,54
-35,3,54
-35,3,54
-36,3,54
-35,3,54
-35,3,53
-35,3,54
-35,3,54
-35,3,54
-35,3,54
-36,3,54
-35,3,54
-35,3,54
-36,3,54
-35,3,54
-35,3,54
-36,3,54
-36,3,54
-35,3,54
-35,3,54
-35,3,54
-35,3,54
-36,3,54
-35,3,54
-35,3,54
-35,3,54
-35,3,54
-35,3,54
-35,3,54
-36,3,54
-35,3,54
-35,3,54
-35,3,54
-35,3,54
-35,3,54
-35,3,54
-36,3,54
-35,3,54
-36,3,54
-35,3,54
-34,3,54
-35,3,54
-36,3,54
-35,3,54
-36,3,54
-35,3,54
-35,3,54
-35,3,53
-35,3,54
-35,3,54
-36,3,54
-36,3,53
-35,3,54
-35,3,54
-35,3,54
-34,3,54
-36,3,53
-35,3,54
-35,3,54
-35,3,54
-34,3,54
-36,3,54
-36,3,54
-35,3,54
-35,3,54
-35,3,54
-35,3,54
-35,3,54
-35,3,54
-35,3,54
-35,3,54
-35,3,54
-35,3,54
-35,3,54
-35,3,54
-36,3,54
-35,3,54
-35,3,54
-35,3,54
-35,3,54
-36,3,54
-36,3,53
-35,3,53
-35,3,54
-36,3,53
-37,3,54
-36,3,54
-35,3,54
-35,3,54
-35,3,54
-35,3,54
-35,3,54
-36,3,54
-35,3,54
-35,3,54
-34,3,54
-35,3,54
-35,3,54
-36,3,53
-35,3,54
-35,3,54
-35,3,54
-35,3,54
-35,3,54
-36,3,54
-36,3,54
-35,3,54
-35,3,53
-35,3,54
-35,3,54
-36,3,54
-36,3,54
-36,3,54
-34,3,54
-35,3,54
-35,3,54
-36,3,53
-36,3,54
-36,3,54
-35,3,54
-35,3,53
-35,3,54
-36,3,53
-36,3,54
-35,3,54
-35,3,54
-35,3,54
-35,3,54
-36,3,53
-35,3,54
-35,3,54
-36,3,54
-35,3,54
-35,3,54
-36,3,54
-35,3,53
-36,3,54
-35,3,54
-35,3,54
-36,3,54
-36,3,53
-36,3,53
-34,3,54
-35,3,53
-35,3,54
-36,3,53
-36,3,54
-34,3,54
-35,3,54
-35,3,54
-35,3,54
-35,3,54
-35,3,54
-36,3,54
-36,3,54
-34,3,54
-35,3,54
-36,3,54
-35,3,54
-35,3,54
-35,3,54
-35,3,54
-35,3,54
-35,3,54
-35,3,54
-35,3,54
-36,3,54
-34,3,54
-36,3,53
-35,3,54
-35,3,54
-35,3,54
-35,3,54
-35,3,54
-35,3,54
-35,3,54
-35,3,54
-36,3,53
-35,3,54
-35,3,54
-35,3,53
-35,3,54
-35,3,54
-36,3,54
-35,3,54
-36,3,54
-35,3,54
-35,3,54
-36,3,54
-36,3,54
-36,3,54
-35,3,54
-35,3,54
-36,3,54
-35,3,54
-36,3,54
-35,3,54
-36,3,54
-35,3,53
-35,3,54
-36,3,53
-35,3,54
-36,3,54
-35,3,54
-35,3,54
-35,3,54
-35,3,54
-35,3,54
-35,3,54
-35,3,54
-36,3,54
-35,3,53
-36,3,54
-35,3,54
-35,3,54
-36,3,53
-36,3,54
-35,3,54
-35,3,54
-35,3,54
-35,3,54
-35,3,54
-36,3,54
-35,3,54
-35,3,54
-36,3,54
-36,3,54
-35,3,54
-34,3,54
-34,3,53
-35,3,54
-35,3,54
-36,3,54
-36,3,53
-35,3,54
-34,3,54
-35,3,54
-34,3,54
-35,3,54
-36,3,53
-35,3,54
-36,3,54
-35,3,54
-36,3,53
-36,3,53
-36,3,54
-36,3,53
-35,3,54
-36,3,53
-35,3,54
-36,3,54
-35,3,53
-36,3,53
-35,3,54
-35,3,54
-36,3,54
-36,3,54
-35,3,53
-35,3,53
-34,3,54
-36,3,53
-36,3,53
-36,3,54
-35,3,54
-35,3,54
-34,3,54
-35,3,54
-35,3,54
-35,3,53
-36,3,54
-35,3,54
-35,3,54
-36,3,53
-35,3,54
-35,3,54
-35,3,54
-35,3,54
-36,3,54
-36,3,54
-35,3,53
-36,3,54
-35,3,54
-35,3,54
-36,3,54
-36,3,53
-36,3,54
-35,3,54
-35,3,54
-35,3,54
-36,3,54
-36,3,54
-35,3,54
-35,3,54
-35,3,54
-35,3,54
-36,3,54
-36,3,54
-36,3,53
-35,3,53
-34,3,54
-37,3,53
-37,3,53
-35,3,54
-35,3,54
-35,3,54
-36,3,54
-35,3,54
-35,3,53
-35,3,53
-34,3,54
-36,3,54
-36,3,53
-35,3,54
-36,3,54
-36,3,54
-35,3,54
-36,3,54
-35,3,54
-36,3,53
-35,3,54
-35,3,54
-35,3,54
-36,3,53
-36,3,54
-35,3,54
-36,3,54
-36,3,54
-35,3,53
-35,3,53
-35,3,54
-36,3,54
-37,3,54
-36,3,54
-35,3,54
-34,3,54
-35,3,54
-36,3,54
-36,3,53
-36,3,54
-36,3,54
-35,3,54
-35,3,54
-35,3,54
-36,3,54
-35,3,54
-35,3,54
-36,3,54
-36,3,54
-36,3,53
-35,3,54
-35,3,54
-36,3,54
-35,3,54
-35,3,54
-35,3,54
-35,3,54
-35,3,54
-35,3,54
-36,3,54
-35,3,54
-36,3,54
-35,3,54
-36,3,54
-35,3,54
-36,3,54
-36,3,53
-36,3,54
-34,3,54
-35,3,54
-36,3,53
-37,3,53
-36,3,54
-35,3,53
-36,3,53
-37,3,54
-35,3,54
-36,3,54
-36,3,54
-35,3,54
-36,3,54
-35,3,54
-36,3,53
-36,3,53
-35,3,54
-35,3,54
-36,3,53
-36,3,53
-36,3,54
-36,3,54
-35,3,53
-35,3,54
-36,3,53
-36,3,53
-36,3,53
-35,3,54
-36,3,54
-35,3,53
-36,3,53
-35,3,54
-36,3,54
-37,3,54
-36,3,53
-35,3,53
-36,3,53
-35,3,54
-35,3,54
-36,3,53
-37,3,53
-36,3,54
-36,3,53
-35,3,54
-36,3,53
-36,3,53
-36,3,53
-36,3,54
-36,3,53
-36,3,54
-36,3,54
-35,3,53
-36,3,53
-35,3,54
-36,3,53
-36,3,53
-35,3,54
-35,3,53
-36,3,53
-36,3,53
-36,3,54
-36,3,54
-36,3,54
-35,3,54
-36,3,53
-36,3,54
-36,3,53
-36,3,53
-36,3,53
-35,3,54
-35,3,54
-36,3,53
-36,3,54
-35,3,53
-36,3,53
-35,3,54
-35,3,54
-36,3,54
-36,3,53
-35,3,54
-35,3,53
-35,3,54
-35,3,54
-37,3,53
-36,3,54
-36,3,53
-35,3,54
-35,3,54
-36,3,53
-36,3,53
-36,3,54
-36,3,53
-36,3,54
-36,3,53
-36,3,53
-36,3,53
-35,3,54
-35,3,54
-36,3,53
-36,3,54
-35,3,54
-36,3,54
-36,3,54
-35,3,54
-36,3,54
-36,3,54
-36,3,53
-36,3,54
-35,3,54
-36,3,54
-36,3,54
-35,3,54
-35,3,54
-36,3,53
-35,3,53
-36,3,53
-35,3,54
-36,3,53
-36,3,54
-36,3,53
-35,3,53
-35,3,53
-36,3,54
-36,3,54
-36,3,53
-35,3,54
-35,3,53
-36,3,53
-35,3,54
-36,3,53
-37,3,53
-36,3,53
-35,3,54
-36,3,53
-36,3,54
-35,3,54
-36,3,54
-36,3,53
-36,3,53
-36,3,53
-36,3,54
-36,3,53
-36,3,53
-36,3,53
-36,3,54
-36,3,53
-36,3,53
-36,3,53
-36,3,54
-36,3,53
-36,3,53
-36,3,53
-36,3,53
-36,3,53
-36,3,53
-35,3,53
-37,3,53
-35,3,54
-36,3,53
-35,3,53
-35,3,53
-35,3,54
-36,3,53
-36,3,54
-35,3,54
-36,3,53
-35,3,54
-35,3,54
-35,3,54
-36,3,54
-36,3,54
-36,3,54
-35,3,54
-36,3,54
-35,3,53
-36,3,54
-36,3,53
-36,3,53
-36,3,53
-35,3,54
-36,3,54
-36,3,53
-36,3,53
-36,3,53
-36,3,54
-35,3,53
-36,3,53
-36,3,53
-36,3,53
-36,3,54
-35,3,54
-35,3,54
-36,3,53
-36,3,54
-36,3,53
-36,3,53
-36,3,53
-36,3,54
-36,3,54
-36,3,53
-36,3,53
-35,3,54
-36,3,54
-36,3,53
-35,3,54
-37,3,53
-36,3,53
-36,3,54
-36,3,54
-36,3,54
-36,3,53
-35,3,53
-35,3,54
-35,3,53
-37,3,54
-36,3,53
-35,3,54
-35,3,53
-36,3,53
-36,3,53
-37,3,53
-35,3,53
-35,3,53
-35,3,54
-35,3,54
-36,3,54
-37,3,53
-36,3,53
-35,3,54
-36,3,54
-36,3,53
-36,3,54
-36,3,54
-36,3,53
-36,3,54
-35,3,54
-36,3,53
-36,3,53
-36,3,53
-36,3,53
-36,3,53
-35,3,53
-36,3,53
-36,3,54
-36,3,54
-36,3,53
-36,3,53
-36,3,53
-36,3,53
-35,3,54
-36,3,53
-36,3,53
-36,3,54
-36,3,54
-35,3,54
-36,3,53
-36,3,54
-36,3,53
-36,3,53
-36,3,54
-35,3,54
-36,3,54
-36,3,53
-36,3,54
-36,3,53
-36,3,54
-36,3,54
-36,3,53
-36,3,54
-36,3,53
-36,3,53
-35,3,54
-36,3,53
-36,3,53
-36,3,53
-36,3,53
-36,3,53
-36,3,53
-36,3,53
-36,3,53
-36,3,54
-36,3,53
-36,3,53
-35,3,53
-36,3,53
-36,3,53
-36,3,53
-36,3,53
-36,3,53
-36,3,54
-36,3,54
-36,3,53
-36,3,54
-36,3,53
-36,3,53
-36,3,53
-36,3,53
-36,3,53
-36,3,53
-36,3,53
-36,3,53
-36,3,53
-36,3,53
-36,3,53
-36,3,53
-36,3,53
-36,3,53
-36,3,54
-36,3,54
-36,3,53
-36,3,54
-35,3,53
-36,3,53
-35,3,54
-36,3,54
-37,3,53
-36,3,53
-36,3,54
-35,3,54
-36,3,53
-36,3,53
-36,3,54
-36,3,54
-36,3,53
-36,3,53
-35,3,54
-37,3,53
-36,3,53
-35,3,54
-35,3,54
-36,3,53
-36,3,53
-36,3,54
-36,3,53
-36,3,53
-36,3,53
-36,3,54
-35,3,54
-36,3,54
-36,3,53
-36,3,53
-36,3,54
-35,3,53
-36,3,53
-36,3,53
-36,3,53
-36,3,54
-36,3,53
-36,3,53
-35,3,53
-35,3,54
-36,3,54
-36,3,54
-36,3,54
-35,3,53
-35,3,53
-35,3,54
-35,3,54
-37,3,53
-36,3,53
-36,3,53
-36,3,53
-35,3,54
-36,3,53
-36,3,53
-36,3,53
-36,3,54
-36,3,54
-36,3,53
-36,3,53
-36,3,53
-36,3,53
-36,3,53
-36,3,54
-35,3,53
-35,3,53
-35,3,54
-36,3,53
-37,3,53
-36,3,53
-36,3,53
-35,3,53
-36,3,53
-36,3,54
-36,3,53
-36,3,54
-35,3,54
-36,3,53
-35,3,54
-36,3,53
-36,3,53
-36,3,53
-36,3,53
-36,3,53
-36,3,53
-36,3,53
-36,3,54
-36,3,54
-36,3,53
-35,3,53
-36,3,53
-36,3,54
-36,3,53
-36,3,54
-36,3,53
-36,3,54
-37,3,53
-36,3,53
-36,3,54
-36,3,53
-37,3,53
-36,3,54
-36,3,53
-35,3,54
-36,3,53
-36,3,54
-36,3,53
-37,3,53
-36,3,53
-36,3,53
-35,3,54
-35,3,54
-36,3,53
-37,3,53
-36,3,53
-35,3,54
-35,3,54
-36,3,54
-36,3,54
-36,3,53
-36,3,53
-36,3,53
-35,3,54
-36,3,53
-36,3,53
-36,3,54
-36,3,53
-36,3,53
-36,3,54
-36,3,53
-35,3,53
-36,3,53
-36,3,54
-35,3,54
-37,3,53
-37,3,53
-35,3,54
-37,3,53
-36,3,53
-36,3,53
-36,3,53
-36,3,53
-36,3,53
-36,3,53
-35,3,53
-35,3,53
-37,3,54
-36,3,53
-36,3,53
-35,3,54
-35,3,54
-37,3,53
-35,3,53
-36,3,53
-36,3,53
-36,3,54
-36,3,54
-36,3,54
-36,3,53
-36,3,53
-36,3,54
-36,3,53
-36,3,53
-36,3,53
-36,3,53
-35,3,53
-36,3,53
-36,3,54
-36,3,54
-36,3,53
-36,3,53
-35,3,53
-35,3,54
-36,3,53
-36,3,53
-36,3,53
-36,3,54
-36,3,54
-36,3,53
-36,3,53
-36,3,54
-36,3,54
-36,3,53
-36,3,53
-36,3,53
-36,3,53
-36,3,54
-36,3,53
-37,3,53
-36,3,53
-35,3,54
-36,3,54
-36,3,53
-36,3,53
-36,3,54
-36,3,53
-36,3,53
-36,3,53
-36,3,53
-36,3,53
-36,3,53
-35,3,53
-36,3,54
-36,3,54
-36,3,54
-36,3,53
-36,3,53
-36,3,54
-36,3,53
-36,3,54
-36,3,53
-36,3,53
-36,3,54
-36,3,53
-36,3,54
-36,3,53
-35,3,54
-36,3,53
-36,3,54
-35,3,53
-36,3,53
-36,4,53
-39,3,52
-36,3,53
-36,3,54
-35,3,54
-35,3,53
-37,2,54
-35,4,53
-37,2,53
-37,3,53
-35,3,54
-36,3,53
-38,3,53
-36,3,53
-36,3,53
-36,3,54
-36,3,53
-36,3,53
-36,3,53
-36,3,53
-36,3,53
-37,3,53
-36,3,53
-36,3,53
-36,3,53
-36,3,54
-36,3,53
-36,3,53
-36,3,53
-35,3,53
-36,3,53
-36,3,53
-36,3,53
-36,3,53
-36,3,53
-36,3,53
-37,3,53
-37,3,53
-36,3,53
-36,3,53
-36,3,53
-36,3,53
-36,3,53
-36,3,53
-37,3,53
-36,3,53
-36,3,53
-36,3,53
-36,3,53
-37,3,53
-36,3,53
-36,3,53
-36,3,54
-36,3,53
-37,3,53
-37,3,53
-37,3,53
-36,3,54
-36,3,53
-37,3,53
-37,3,53
-35,3,53
-36,3,53
-36,3,53
-37,3,53
-37,3,53
-36,3,53
-35,3,54
-35,3,54
-36,3,53
-36,3,53
-36,3,53
-36,3,53
-36,3,53
-36,3,53
-36,3,53
-37,3,53
-36,3,53
-36,3,53
-36,3,53
-36,3,53
-36,3,53
-36,3,53
-36,3,53
-36,3,53
-36,3,54
-36,3,53
-36,3,53
-36,3,53
-35,3,54
-36,3,53
-37,3,53
-36,3,54
-37,3,53
-35,3,53
-36,3,53
-35,3,53
-37,3,53
-37,3,53
-36,3,53
-36,3,53
-37,3,53
-36,3,53
-35,3,53
-36,3,54
-35,3,54
-35,3,54
-36,3,53
-36,3,54
-36,3,53
-36,3,53
-35,3,54
-36,3,54
-36,3,54
-35,3,54
-37,3,53
-36,3,53
-35,3,54
-36,3,54
-36,3,54
-36,3,53
-36,3,53
-36,3,53
-36,3,53
-36,3,54
-36,3,53
-36,3,54
-36,3,53
-36,3,53
-36,3,53
-35,3,54
-37,3,53
-36,3,54
-37,3,53
-36,3,53
-36,3,53
-36,3,53
-36,3,53
-36,3,53
-36,3,53
-36,3,53
-36,3,53
-35,3,53
-36,3,53
-36,3,53
-36,3,53
-36,3,53
-36,3,53
-36,3,54
-36,3,53
-36,3,53
-36,3,53
-36,3,53
-36,3,53
-36,3,53
-36,3,53
-36,3,54
-36,3,53
-36,3,53
-36,3,54
-36,3,53
-36,3,53
-36,3,53
-36,3,53
-36,3,53
-36,3,53
-36,3,53
-36,3,54
-36,3,54
-36,3,54
-36,3,53
-36,3,53
-35,3,53
-34,3,54
-36,3,53
-38,3,52
-36,3,53
-36,3,54
-36,3,53
-36,3,53
-36,3,53
-35,3,53
-36,3,54
-36,3,54
-36,3,53
-37,3,53
-36,3,53
-34,3,54
-35,3,54
-36,3,53
-36,3,53
-36,3,54
-36,3,54
-36,3,53
-36,3,53
-36,3,53
-36,3,53
-36,3,53
-36,3,53
-36,3,53
-36,3,53
-36,3,54
-36,3,53
-36,3,53
-36,3,53
-36,3,53
-36,3,53
-36,3,53
-36,3,53
-36,3,53
-36,3,53
-35,3,54
-35,3,54
-36,3,53
-36,3,54
-36,3,53
-36,3,53
-35,3,54
-36,3,53
-36,3,53
-36,3,53
-36,3,53
-36,3,53
-36,3,53
-36,3,54
-36,3,53
-36,3,53
-35,3,54
-36,3,53
-36,3,53
-36,3,53
-36,3,53
-36,3,53
-36,3,53
-36,3,53
-36,3,53
-36,3,53
-36,3,53
-36,3,53
-36,3,53
-36,3,53
-36,3,53
-36,3,53
-36,3,53
-37,3,53
-36,3,53
-36,3,53
-37,3,53
-35,3,53
-36,3,53
-36,3,53
-36,3,53
-37,3,53
-36,3,53
-36,3,53
-37,3,53
-36,3,53
-36,3,53
-36,3,53
-37,3,53
-38,3,53
-36,3,53
-36,3,53
-36,3,53
-37,3,53
-36,3,53
-36,3,53
-36,3,53
-37,3,53
-35,3,54
-37,3,52
-35,3,54
-35,2,54
-35,3,54
-34,3,54
-36,3,53
-36,3,53
-37,3,53
-34,3,54
-35,3,53
-37,3,53
-36,3,53
-37,3,53
-36,3,53
-35,3,53
-37,3,53
-36,3,53
-36,3,53
-36,3,53
-36,3,53
-36,3,53
-36,3,53
-36,3,53
-35,3,54
-36,3,53
-37,3,53
-36,3,53
-36,3,53
-36,3,53
-36,3,53
-36,3,53
-36,3,53
-36,3,53
-36,3,53
-36,3,53
-36,3,53
-36,3,54
-36,3,53
-36,3,53
-36,3,53
-36,3,53
-36,3,53
-36,3,53
-36,3,53
-36,3,53
-36,3,53
-36,3,53
-36,3,53
-36,3,53
-36,3,53
-36,3,53
-36,3,54
-36,3,53
-35,3,54
-35,3,53
-36,3,54
-36,3,54
-35,3,54
-36,3,54
-37,3,53
-37,3,55
-34,3,54
-36,2,53
-42,2,53
-36,-3,57
-42,-7,53
-56,-5,53
-59,-2,52
-63,-1,49
-62,0,48
-63,2,43
-63,2,42
-61,6,33
-58,11,29
-50,21,26
-47,24,24
-35,30,24
-29,31,24
-14,39,27
-11,42,26
-16,43,25
-18,41,25
-17,45,25
-26,39,25
-34,34,21
-45,32,20
-48,30,26
-64,27,18
-61,29,18
-70,22,19
-70,23,15
-69,21,14
-70,19,14
-69,20,12
-69,20,11
-68,18,10
-70,18,8
-66,19,4
-63,19,2
-61,19,-3
-60,18,-1
-65,16,-4
-62,16,-3
-61,15,-3
-61,12,2
-62,13,3
-60,14,2
-60,15,1
-61,16,-1
-64,18,-1
-69,14,-5
-67,14,-5
-68,11,-8
-72,11,-13
-65,8,-11
-64,7,-12
-70,6,-19
-67,5,-18
-70,2,-22
-69,0,-22
-68,0,-22
-67,-1,-20
-65,1,-21
-68,4,-24
-67,3,-27
-66,0,-26
-71,0,-26
-70,1,-30
-68,3,-31
-63,3,-30
-62,3,-29
-57,6,-28
-54,7,-28
-49,9,-25
-45,11,-25
-45,15,-28
-46,17,-29
-48,20,-33
-49,22,-34
-60,20,-39
-61,21,-40
-64,26,-39
-64,25,-37
-62,29,-34
-55,32,-30
-46,33,-23
-44,29,-17
-55,30,-15
-52,25,-20
-55,23,-23
-50,24,-12
-50,30,-9
-51,44,-12
-50,47,-10
-52,49,-4
-51,49,-3
-50,46,2
-48,44,2
-55,40,1
-54,37,5
-52,37,12
-45,42,14
-37,48,19
-33,49,17
-23,49,12
-20,49,9
-21,50,6
-21,49,8
-26,50,8
-28,51,9
-34,50,10
-36,53,14
-35,53,15
-33,54,12
-31,52,12
-34,58,14
-37,58,14
-40,61,16
-33,60,19
-39,60,23
-38,60,23
-37,55,22
-35,50,24
-39,48,21
-37,48,20
-33,48,28
-32,48,32
-37,47,31
-36,44,31
-16,35,38
-22,36,31
-19,34,16
28,31,31
41,28,37
49,41,43
33,36,41
20,34,46
37,34,58
56,45,48
29,52,29
-8,52,36
-11,56,47
-6,55,56
-14,60,50
-4,48,48
-10,47,45
-11,35,41
-15,37,34
-20,35,44
-17,35,46
-14,38,43
-12,36,34
-17,35,38
-30,32,44
-30,25,48
-29,20,49
-34,21,53
-20,26,69
-24,29,64
-20,30,62
-25,30,55
-8,33,58
-9,34,55
-22,31,54
-28,26,61
-24,20,58
-21,14,55
-28,22,42
-21,25,40
-29,34,38
-21,34,50
-14,33,49
-16,35,44
-10,27,52
-10,34,43
-7,34,45
4,31,59
0,33,52
19,23,69
25,26,57
-5,27,61
6,35,58
0,27,73
14,35,73
5,46,60
-10,42,56
-16,31,46
-16,35,36
-2,31,48
22,33,60
18,44,54
7,36,51
-3,37,54
-2,33,60
9,36,54
2,43,45
-1,43,47
-25,44,36
-12,49,33
-12,20,42
1,16,39
20,-13,70
9,-13,70
42,13,50
71,23,49
48,19,25
28,31,13
43,46,11
56,50,24
43,49,29
27,51,29
44,45,27
44,43,24
28,36,20
41,38,14
48,48,3
35,52,-3
16,56,2
37,53,21
51,51,34
29,64,9
33,57,6
45,56,21
48,52,22
39,61,7
50,52,9
40,42,-3
26,36,-7
32,39,-8
29,41,-7
18,36,1
16,41,1
25,45,-5
28,47,-9
14,46,-10
8,50,-10
9,46,-5
10,50,-7
-7,50,-11
-17,47,-11
-33,61,-15
-60,44,-6
-75,48,-4
-71,48,14
-78,37,22
-83,27,36
-73,18,46
-59,5,47
-63,1,48
-51,-6,42
-59,-9,40
-66,-9,32
-57,-9,31
-65,-9,22
-63,-8,23
-60,-10,25
-56,-9,23
-62,-7,22
-63,-10,22
-59,-11,23
-60,-13,22
-62,-15,18
-62,-16,18
-65,-16,21
-54,-15,21
-62,-18,16
-59,-22,19
-59,-22,20
-56,-22,22
-61,-23,21
-59,-23,23
-59,-22,23
-59,-21,26
-52,-20,24
-51,-25,27
-49,-27,28
-46,-31,27
-47,-34,28
-41,-37,33
-41,-39,33
-41,-41,34
-37,-42,38
-34,-43,39
-35,-43,36
-35,-46,41
-32,-45,42
-33,-45,42
-27,-43,39
-25,-44,40
-29,-46,40
-30,-47,42
-24,-45,40
-18,-45,40
-20,-47,41
-19,-47,43
-12,-46,40
-4,-47,37
-14,-49,40
-9,-50,42
1,-50,43
0,-52,44
-2,-51,42
1,-53,42
-4,-54,41
-10,-54,40
-7,-58,40
-16,-58,41
-27,-53,42
-27,-52,41
-32,-47,39
-40,-41,38
-38,-40,38
-42,-30,35
-37,-26,34
-45,-25,30
-42,-24,29
-45,-22,25
-43,-19,24
-51,-21,19
-55,-20,17
-48,-20,17
-47,-20,16
-53,-23,15
-55,-26,15
-54,-28,15
-59,-30,16
-60,-29,15
-61,-30,17
-61,-26,19
-64,-27,20
-64,-29,21
-55,-33,19
-59,-38,13
-51,-47,7
-43,-54,6
-49,-54,4
-36,-56,6
-40,-55,-3
-39,-55,-6
-37,-55,-9
-37,-57,-7
-34,-59,-2
-34,-61,1
-33,-63,2
-36,-67,5
-32,-70,10
-31,-70,10
-34,-74,8
-33,-75,6
-29,-72,2
-26,-70,0
-21,-65,1
-22,-60,4
-22,-58,4
-21,-53,4
-22,-50,3
-24,-48,3
-25,-47,3
-27,-49,4
-29,-51,5
-30,-55,5
-29,-56,6
-32,-61,9
-36,-66,12
-43,-66,16
-42,-65,17
-32,-66,19
-26,-66,22
-21,-69,32
-16,-69,34
-15,-62,37
-15,-55,33
-12,-47,30
-10,-42,31
-18,-37,29
-25,-39,26
-29,-41,24
-36,-44,23
-36,-46,25
-33,-57,27
-29,-56,25
-30,-74,23
-32,-81,22
-33,-74,21
-29,-66,22
-25,-49,18
-27,-48,15
-28,-46,11
-28,-48,10
-27,-45,19
-25,-42,21
-30,-40,19
-31,-41,20
-26,-45,20
-25,-47,21
-23,-52,23
-24,-53,23
-28,-60,23
-28,-65,22
-27,-68,21
-29,-86,19
-29,-92,19
-26,-76,17
-27,-62,17
-28,-46,18
-25,-47,15
-20,-48,15
-20,-49,17
-23,-47,17
-24,-46,18
-25,-44,20
-27,-45,21
-29,-48,25
-30,-47,27
-32,-45,31
-32,-46,32
-30,-49,31
-26,-53,31
-25,-71,33
-27,-82,32
-28,-75,29
-27,-56,28
-29,-53,26
-26,-54,22
-24,-55,20
-23,-56,20
-22,-55,22
-19,-52,24
-19,-49,22
-19,-50,21
-18,-51,20
-16,-52,21
-16,-51,23
-20,-50,22
-22,-51,22
-23,-54,25
-23,-58,28
-25,-75,27
-28,-83,28
-27,-72,35
-28,-61,35
-22,-59,28
-7,-58,27
-5,-56,26
-19,-46,19
-22,-43,17
-29,-40,15
-31,-40,15
-33,-44,18
-33,-43,20
-33,-44,24
-35,-49,25
-38,-57,27
-37,-67,28
-29,-89,33
-21,-87,32
-21,-66,24
-21,-59,23
-25,-57,21
-27,-56,19
-28,-56,15
-26,-55,15
-24,-54,14
-22,-58,11
-22,-62,12
-15,-63,13
-12,-63,13
-13,-63,15
-15,-61,14
-20,-59,14
-22,-59,15
-22,-62,17
-23,-65,19
-26,-65,24
-26,-59,26
-27,-46,27
-28,-47,26
-22,-53,26
-17,-56,26
-18,-53,27
-22,-49,25
-23,-48,22
-24,-49,23
-28,-53,23
-31,-54,25
-35,-54,30
-39,-53,25
-39,-57,21
-62,-72,14
-68,-80,16
-38,-90,26
-31,-86,27
-28,-68,14
-31,-72,3
-18,-71,13
-14,-75,15
-35,-65,7
-26,-66,9
-12,-64,12
-14,-58,12
-22,-50,17
-23,-45,20
-23,-39,22
-19,-34,23
-14,-29,19
-18,-33,17
-23,-40,17
-42,-70,17
-55,-91,15
-55,-87,11
-46,-75,11
-41,-69,7
-40,-66,6
-29,-62,16
-25,-58,18
-26,-49,12
-28,-45,9
-31,-42,5
-33,-43,5
-35,-49,9
-34,-53,13
-41,-52,20
-48,-54,23
-51,-59,24
-43,-63,24
-20,-82,31
-16,-89,31
-23,-72,25
-24,-62,23
-32,-60,18
-31,-65,15
-27,-63,14
-18,-54,14
-18,-54,13
-21,-57,9
-23,-61,8
-18,-68,9
-15,-69,9
-13,-66,11
-16,-64,12
-19,-61,10
-22,-62,9
-26,-71,10
-26,-68,12
-27,-49,21
-28,-37,23
-32,-39,21
-32,-45,21
-22,-54,23
-19,-56,28
-25,-53,31
-29,-53,33
-28,-55,36
-37,-56,32
-29,-57,32
-28,-52,29
-25,-50,27
-24,-55,26
-25,-57,24
-24,-68,22
-27,-78,23
-36,-84,22
-36,-74,19
-32,-58,13
-32,-59,11
-29,-67,9
-24,-68,11
-14,-59,14
-13,-55,14
-18,-52,11
-19,-53,11
-20,-56,10
-16,-59,13
-15,-59,14
-17,-58,16
-19,-60,17
-22,-60,18
-25,-65,21
-26,-65,28
-27,-60,30
-31,-50,31
-32,-52,30
-27,-57,27
-19,-58,27
-9,-57,28
-13,-54,25
-21,-50,19
-25,-49,18
-34,-50,15
-36,-53,17
-34,-50,21
-34,-52,23
-36,-54,25
-37,-57,24
-31,-70,26
-22,-88,29
-22,-85,26
-23,-63,24
-26,-55,23
-31,-55,19
-30,-57,17
-25,-64,15
-17,-63,18
-14,-61,17
-16,-58,15
-17,-57,13
-18,-57,13
-14,-56,14
-14,-56,15
-15,-57,16
-17,-58,16
-19,-59,16
-21,-63,17
-23,-76,19
-25,-72,21
-27,-56,25
-32,-57,28
-29,-59,28
-14,-58,26
-8,-57,25
-14,-51,20
-16,-50,19
-25,-52,19
-29,-53,19
-33,-54,23
-34,-53,27
-37,-51,30
-37,-53,29
-28,-65,28
-23,-83,28
-13,-86,23
-14,-73,20
-17,-57,21
-26,-59,19
-29,-61,16
-29,-64,14
-21,-65,16
-17,-63,17
-16,-57,15
-15,-56,15
-15,-55,16
-15,-50,15
-15,-48,15
-16,-48,14
-17,-49,13
-19,-51,14
-21,-58,14
-28,-84,14
-32,-90,17
-30,-72,24
-31,-64,24
-20,-64,19
-11,-66,20
-5,-63,19
-11,-58,15
-18,-54,14
-24,-52,13
-32,-50,13
-33,-51,14
-31,-53,19
-27,-66,18
-23,-71,16
-9,-71,14
-6,-69,14
-14,-63,15
-17,-63,16
-23,-67,14
-24,-68,13
-20,-64,16
-17,-61,18
-14,-57,17
-13,-57,15
-12,-61,13
-14,-62,11
-17,-65,10
-20,-63,11
-23,-53,14
-23,-51,15
-22,-55,15
-21,-59,15
-19,-62,16
-20,-63,16
-22,-65,17
-23,-63,17
-24,-62,18
-26,-56,19
-26,-54,18
-25,-52,18
-25,-51,18
-26,-51,21
-27,-52,23
-33,-56,29
-33,-58,30
-30,-60,31
-27,-61,32
-20,-61,32
-18,-58,31
-21,-54,28
-21,-53,27
-21,-52,26
-19,-52,27
-18,-52,26
-18,-52,25
-18,-54,24
-18,-54,24
-18,-53,24
-21,-52,23
-23,-51,23
-28,-52,22
-30,-52,21
-31,-54,20
-31,-56,19
-32,-61,16
-34,-62,14
-35,-69,14
-33,-70,14
-31,-68,12
-30,-65,12
-29,-60,11
-28,-58,12
-25,-56,11
-23,-56,11
-22,-60,10
-21,-61,9
-21,-63,8
-22,-64,8
-23,-64,8
-24,-62,8
-23,-61,8
-21,-61,8
-20,-61,8
-19,-59,9
-18,-58,10
-18,-58,12
-18,-58,12
-17,-59,13
-18,-59,13
-18,-60,14
-18,-59,14
-20,-57,14
-22,-55,15
-24,-52,18
-24,-53,19
-23,-57,19
-21,-60,19
-20,-68,20
-20,-70,21
-18,-66,21
-17,-62,23
-15,-60,24
-18,-60,25
-20,-60,28
-20,-54,29
-19,-51,29
-17,-47,31
-15,-47,31
-11,-44,29
-11,-44,28
-16,-43,25
-18,-43,24
-24,-45,22
-26,-49,22
-29,-58,23
-31,-65,22
-31,-83,26
-33,-86,25
-42,-70,17
-39,-57,14
-27,-47,10
-28,-48,8
-25,-58,11
-25,-63,11
-23,-66,20
-18,-62,19
-19,-59,16
-21,-59,15
-18,-60,16
-17,-58,18
-18,-56,19
-21,-53,22
-23,-53,22
-22,-54,21
-21,-56,22
-23,-68,22
-26,-73,21
-29,-73,24
-27,-68,24
-24,-61,18
-18,-60,16
-7,-58,19
-8,-57,17
-17,-52,14
-21,-49,13
-31,-45,10
-31,-46,15
-29,-46,18
-32,-47,22
-34,-50,25
-34,-57,27
-30,-60,28
-23,-75,29
-18,-84,31
-14,-81,32
-16,-70,29
-24,-55,25
-27,-57,21
-28,-61,17
-25,-62,16
-19,-59,19
-20,-58,20
-22,-57,21
-19,-58,19
-18,-57,17
-17,-58,18
-18,-54,20
-18,-53,20
-18,-49,19
-21,-48,18
-21,-47,19
-22,-51,19
-24,-56,20
-28,-66,24
-29,-66,26
-30,-57,26
-33,-61,25
-29,-66,22
-27,-68,24
-17,-63,29
-15,-59,26
-20,-53,23
-26,-51,22
-39,-47,20
-40,-46,22
-35,-46,26
-35,-48,26
-33,-55,27
-28,-62,26
-16,-78,25
-17,-79,23
-19,-76,23
-25,-63,21
-28,-59,20
-30,-57,18
-26,-59,17
-20,-62,17
-17,-62,18
-15,-59,19
-17,-57,19
-21,-54,19
-23,-53,19
-26,-54,19
-26,-55,19
-27,-52,22
-29,-48,25
-39,-38,27
-44,-34,26
-47,-33,26
-44,-32,29
-43,-33,31
-48,-35,35
-50,-36,37
-54,-38,38
-53,-37,39
-48,-34,36
-47,-32,36
-46,-30,35
-48,-29,34
-53,-33,35
-52,-34,34
-48,-34,33
-47,-33,32
-45,-30,30
-46,-28,29
-53,-26,30
-54,-26,31
-57,-26,34
-58,-24,35
-57,-20,35
-54,-18,35
-54,-13,35
-53,-11,34
-53,-7,33
-51,-3,33
-51,-1,33
-55,2,34
-56,3,33
-52,6,35
-54,7,35
-54,10,36
-52,12,35
-55,16,35
-53,18,34
-51,21,34
-51,23,33
-50,25,34
-51,26,34
-46,27,35
-46,28,34
-41,30,33
-40,31,32
-38,33,31
-37,34,30
-36,33,32
-37,31,33
-40,30,34
-39,30,36
-40,30,38
-36,30,38
-34,32,39
-34,38,43
-34,41,46
-43,37,43
-80,13,39
6,27,57
-32,33,36
-31,45,38
-30,40,38
-26,38,43
-24,37,44
-28,40,42
-27,39,42
-27,40,41
-27,40,42
-27,42,41
-28,42,41
-26,42,41
-26,42,41
-26,42,40
-27,42,41
-27,42,40
-27,42,40
-27,43,39
-24,54,22
-28,50,25
-35,48,39
-28,49,40
-26,52,36
-29,52,38
-31,51,38
-30,48,40
-26,39,49
-29,34,51
-28,22,56
-26,16,57
-25,14,55
-23,19,55
-32,36,48
-28,40,47
-28,33,49
-23,26,51
-24,28,50
-25,29,50
-24,28,51
-23,28,51
-23,29,53
-21,27,52
-21,28,51
-23,28,51
-22,30,51
-26,36,52
-33,38,56
-50,44,46
-56,42,53
-58,49,28
-45,46,21
-31,41,19
-27,39,20
-29,38,23
-29,35,24
-28,32,23
-38,28,26
-40,28,29
-37,27,28
-42,24,28
-45,21,30
-39,21,30
-53,17,32
-55,14,35
-37,12,34
-34,9,33
-52,-4,37
-44,-12,37
-29,-37,36
-42,-51,37
-42,-60,36
-30,-65,32
-26,-83,34
-29,-83,36
-28,-77,31
-27,-71,28
-24,-68,25
-27,-66,23
-32,-63,21
-32,-58,25
-30,-55,27
-28,-49,30
-27,-48,29
-24,-55,28
-24,-61,27
-29,-80,28
-29,-86,27
-22,-78,21
-23,-73,20
-23,-72,21
-24,-71,20
-27,-73,18
-28,-72,19
-25,-64,18
-22,-60,17
-17,-54,16
-19,-52,17
-21,-50,19
-22,-49,18
-23,-45,17
-25,-42,17
-31,-40,21
-33,-39,23
-37,-37,25
-49,-38,32
-52,-40,36
-55,-43,42
-55,-40,39
-60,-38,36
-53,-37,37
-46,-35,38
-49,-33,35
-56,-28,30
-56,-26,29
-55,-22,29
-54,-20,29
-58,-17,28
-59,-16,26
-60,-15,26
-63,-15,26
-64,-16,23
-71,-17,21
-81,-22,20
-77,-23,17
-73,-23,14
-63,-19,13
-61,-16,10
-52,-10,7
-51,-9,7
-59,-12,8
-60,-14,6
-51,-20,12
-57,-27,15
-60,-32,18
-58,-33,20
-57,-32,27
-56,-29,28
-63,-20,19
-61,-13,25
-66,-8,23
-63,-2,22
-67,-6,20
-65,-5,21
-60,-7,19
-59,-7,18
-59,-11,22
-68,-9,18
-63,-9,19
-64,-9,20
-65,-8,16
-64,-10,18
-62,-10,17
-62,-11,16
-64,-11,16
-65,-10,18
-64,-10,18
-60,-9,19
-63,-11,19
-59,-12,21
-60,-12,19
-64,-10,17
-62,-10,18
-60,-11,20
-61,-11,20
-62,-11,19
-63,-9,19
-62,-10,21
-60,-11,23
-60,-11,21
-63,-11,21
-61,-11,21
-61,-11,20
-61,-11,21
-60,-11,23
-60,-11,23
-57,-11,23
-64,-11,21
-60,-9,20
-61,-10,21
-64,-12,22
-60,-12,22
-64,-14,22
-62,-18,28
-56,-27,40
-59,-27,36
-58,-31,40
-57,-29,40
-65,-12,35
-66,-8,34
-63,0,27
-68,9,13
-65,9,5
-49,15,-7
-37,23,-14
-36,21,-37
-57,21,-49
-48,27,-51
-30,25,-46
-26,25,-33
-39,24,-36
-35,31,-45
-25,29,-38
-35,29,-35
-33,27,-33
-39,23,-40
-40,22,-37
-49,23,-40
-52,24,-41
-45,20,-32
-47,19,-31
-58,20,-33
-57,19,-29
-58,19,-28
-69,15,-30
-73,15,-31
-80,11,-33
-77,6,-29
-69,2,-23
-70,3,-24
-58,3,-17
-52,3,-13
-50,8,-11
-51,10,-11
-50,14,-8
-51,15,-9
-54,18,-10
-57,18,-12
-64,18,-13
-64,17,-13
-67,18,-11
-72,18,-12
-71,17,-10
-68,15,-8
-75,16,-9
-81,15,-10
-80,9,-9
-67,8,-8
-71,11,-10
-73,13,-10
-69,15,-9
-62,14,-6
-71,10,-6
-66,8,-1
-60,7,0
-64,0,3
-64,-2,4
-60,-3,9
-59,-3,9
-62,1,10
-60,0,11
-57,0,13
-58,0,13
-66,1,12
-64,-1,12
-59,-3,13
-62,2,17
-60,7,19
-60,11,18
-65,11,14
-74,13,8
-68,15,14
-61,10,17
-62,11,21
-57,11,20
-58,14,18
-60,17,14
-59,20,16
-60,20,17
-62,21,18
-61,21,19
-61,22,18
-60,22,16
-61,23,15
-59,22,15
-59,22,17
-60,20,17
-59,21,17
-57,21,18
-61,21,16
-60,21,16
-59,23,16
-60,22,16
-60,23,16
-59,23,16
-59,23,16
-59,22,16
-58,22,16
-58,22,16
-58,22,16
-59,22,16
-60,22,17
-59,22,17
-61,22,18
-59,22,16
-60,22,17
-60,22,17
-60,21,17
-60,22,17
-59,22,16
-60,22,16
-60,22,17
-61,20,17
-59,21,17
-61,20,18
-60,20,15
-59,20,16
-60,20,16
-59,20,15
-63,20,17
-59,20,16
-60,20,16
-61,20,16
-61,20,17
-59,20,16
-61,20,16
-61,19,17
-61,20,17
-62,20,17
-61,20,18
-61,19,18
-60,19,19
-59,18,19
-59,18,18
-58,19,18
-59,20,18
-59,20,19
-60,20,19
-59,19,19
-60,19,18
-60,19,18
-59,19,18
-59,19,17
-59,19,18
-59,20,18
-59,19,18
-60,20,17
-60,20,17
-60,20,17
-58,20,17
-60,19,17
-58,20,18
-59,20,18
-57,19,16
-63,19,18
-57,19,16
-61,20,15
-60,19,17
-61,20,16
-57,19,15
-58,19,15
-60,20,17
-61,19,17
-64,20,18
-61,19,16
-63,18,18
-61,17,17
-62,17,16
-61,18,16
-62,18,15
-62,18,16
-60,18,16
-60,18,16
-62,18,16
-61,17,17
-62,17,17
-61,17,16
-63,17,19
-59,18,18
-64,17,18
-60,17,18
-61,16,18
-60,17,18
-59,17,17
-61,17,17
-62,17,18
-60,18,17
-62,17,19
-61,17,18
-60,16,19
-63,16,18
-62,16,19
-63,16,20
-62,15,21
-64,16,20
-60,17,21
-59,18,18
-57,19,17
-57,19,17
-57,18,19
-57,20,19
-57,20,21
-58,18,17
-59,18,16
-57,17,19
-57,16,18
-63,13,17
-60,14,17
-63,19,19
-63,19,19
-61,22,17
-62,22,16
-63,22,16
-62,22,15
-60,22,16
-61,22,17
-59,22,18
-61,22,17
-61,20,18
-61,20,17
-61,21,16
-61,19,16
-60,17,17
-59,16,15
-58,15,16
-61,14,16
-62,13,17
-60,11,20
-59,12,21
-60,14,25
-65,13,27
-70,8,30
-64,7,31
-65,5,30
-62,6,27
-58,9,27
-57,11,27
-53,14,25
-53,15,24
-55,15,24
-55,14,23
-56,15,23
-56,16,22
-57,15,23
-61,14,21
-61,13,22
-62,13,22
-64,14,23
-74,16,23
-77,13,21
-69,5,22
-68,4,20
-66,7,15
-63,8,14
-62,8,13
-59,8,13
-57,9,13
-56,10,12
-55,8,13
-57,7,14
-60,6,14
-58,5,15
-60,6,17
-64,7,15
-64,5,17
-71,7,19
-73,9,20
-73,7,20
-73,5,22
-70,1,23
-67,0,23
-65,1,20
-64,3,19
-58,5,20
-55,7,18
-55,7,16
-57,5,16
-53,5,14
-56,4,14
-61,5,13
-61,5,12
-61,2,12
-64,2,13
-76,-3,10
-71,-7,9
-65,-7,9
-67,-9,7
-63,-10,8
-63,-11,9
-64,-10,9
-96,-10,11
-76,-1,1
-64,-4,6
-69,-8,9
-64,-17,17
-66,-16,10
-62,-14,14
-61,-13,14
-73,-11,11
-72,-6,9
-70,-1,8
-66,2,9
-64,4,7
-63,5,9
-61,4,17
-64,3,19
-65,3,20
-68,3,21
-68,1,24
-64,0,25
-61,-1,26
-58,-2,27
-57,-2,27
-54,-2,29
-54,-1,30
-55,-1,31
-56,-1,31
-57,-1,31
-57,0,30
-60,-1,30
-62,-2,31
-64,-3,32
-64,-3,32
-63,-1,31
-61,1,30
-61,8,28
-61,11,27
-60,17,28
-61,19,26
-61,22,26
-58,23,24
-56,23,21
-54,23,12
-50,22,13
-47,22,11
-50,20,6
-50,16,-6
-61,21,-11
-54,24,-9
-52,26,-11
-59,29,-21
-65,31,-22
-50,34,-22
-47,33,-19
